YrSold,HeatingQC,Street,YearRemodAdd,Heating,MasVnrType,BsmtUnfSF,Foundation,MasVnrArea,MSSubClass,ExterQual,Condition2,GarageCars,GarageType,OverallQual,TotalBsmtSF,BsmtFinSF1,HouseStyle,MiscFeature,MoSold
2007.0,TA,Pave,1975.0,GasA,,816.0,PConc,,20.0,Gd,Norm,2.0,Attchd,6.0,2035.0,1219.0,1Story,,3.0
2006.0,TA,Pave,1950.0,GasA,None,238.0,CBlock,0.0,50.0,TA,Norm,1.0,Attchd,6.0,806.0,403.0,1.5Fin,,8.0
2009.0,TA,Pave,1950.0,GasA,BrkCmn,524.0,CBlock,161.0,50.0,TA,Norm,1.0,Detchd,5.0,709.0,185.0,1.5Fin,,7.0
2008.0,Ex,Pave,1977.0,GasA,BrkFace,768.0,CBlock,299.0,60.0,TA,Norm,2.0,Attchd,7.0,1160.0,392.0,2Story,,3.0
2010.0,TA,Pave,1971.0,GasA,BrkFace,525.0,CBlock,381.0,160.0,TA,Norm,1.0,Detchd,6.0,525.0,0.0,2Story,,3.0
2009.0,TA,Pave,2006.0,GasW,None,310.0,BrkTil,0.0,30.0,TA,Norm,1.0,Detchd,5.0,1022.0,247.0,1Story,,6.0
2007.0,Ex,Pave,2007.0,GasA,Stone,556.0,PConc,84.0,20.0,Gd,Norm,3.0,Attchd,8.0,1485.0,929.0,1Story,,8.0
2007.0,TA,Pave,1950.0,GasA,None,780.0,PConc,0.0,50.0,TA,Norm,1.0,Detchd,6.0,780.0,0.0,1.5Fin,,12.0
2007.0,Ex,Pave,1996.0,GasA,None,300.0,PConc,0.0,60.0,Gd,Norm,3.0,Attchd,10.0,2396.0,2096.0,2Story,,7.0
2007.0,Ex,Pave,2004.0,GasA,None,312.0,PConc,0.0,160.0,Gd,Norm,2.0,Detchd,7.0,551.0,239.0,2Story,,3.0
2007.0,Ex,Pave,2007.0,GasA,None,1352.0,PConc,0.0,120.0,Gd,Norm,2.0,Attchd,7.0,1352.0,0.0,1Story,,4.0
2007.0,Fa,Pave,1976.0,GasA,BrkFace,1680.0,CBlock,164.0,90.0,TA,RRAn,2.0,Detchd,5.0,1680.0,0.0,1Story,,6.0
2009.0,Ex,Pave,1999.0,GasA,None,284.0,PConc,344.0,60.0,Gd,Norm,2.0,Attchd,7.0,978.0,694.0,2Story,,5.0
2006.0,TA,Pave,1967.0,GasA,None,95.0,CBlock,0.0,85.0,TA,Norm,1.0,Attchd,5.0,864.0,769.0,SFoyer,,12.0
2007.0,TA,Pave,1950.0,GasA,BrkFace,746.0,CBlock,206.0,20.0,TA,Norm,1.0,Detchd,6.0,1082.0,336.0,1Story,,11.0
2010.0,TA,Pave,1957.0,GasA,None,392.0,CBlock,0.0,20.0,TA,Norm,1.0,Attchd,5.0,1314.0,922.0,1Story,,6.0
2010.0,Ex,Pave,1992.0,GasA,None,76.0,PConc,0.0,60.0,Gd,Norm,2.0,Attchd,7.0,750.0,674.0,2Story,,6.0
2007.0,Ex,Pave,1995.0,GasA,None,402.0,PConc,0.0,20.0,TA,Norm,0.0,,4.0,990.0,588.0,1Story,,8.0
2008.0,Gd,Pave,2006.0,GasA,None,1228.0,CBlock,0.0,20.0,TA,Norm,1.0,Attchd,5.0,1228.0,0.0,1Story,,6.0
2009.0,Ex,Pave,2005.0,GasA,None,611.0,PConc,0.0,70.0,Gd,Norm,1.0,Attchd,7.0,910.0,299.0,2Story,,6.0
2010.0,Fa,Pave,1952.0,GasA,None,403.0,CBlock,0.0,50.0,TA,Norm,2.0,Detchd,5.0,910.0,507.0,1.5Fin,,6.0
2008.0,Ex,Pave,2004.0,GasA,BrkFace,186.0,PConc,169.0,120.0,Gd,Norm,2.0,Attchd,6.0,848.0,662.0,1Story,,6.0
2010.0,TA,Grvl,1963.0,GasA,None,0.0,CBlock,0.0,90.0,Fa,Norm,2.0,CarPort,5.0,816.0,104.0,1Story,,5.0
2009.0,Gd,Pave,1995.0,GasA,None,702.0,PConc,0.0,60.0,TA,Norm,2.0,Attchd,6.0,702.0,0.0,2Story,,3.0
2008.0,TA,Pave,1974.0,GasA,BrkFace,459.0,CBlock,270.0,60.0,Gd,Norm,2.0,Attchd,6.0,901.0,442.0,2Story,,7.0
2009.0,Gd,Pave,1986.0,GasA,None,700.0,BrkTil,0.0,70.0,Gd,Norm,2.0,Attchd,8.0,916.0,216.0,2Story,,11.0
2010.0,Ex,Pave,2000.0,GasA,BrkFace,378.0,PConc,216.0,160.0,Gd,Norm,2.0,Detchd,6.0,756.0,378.0,2Story,,6.0
2007.0,Gd,Pave,1970.0,GasA,None,0.0,CBlock,0.0,180.0,TA,Norm,0.0,,4.0,630.0,131.0,SFoyer,,12.0
2009.0,Ex,Pave,2008.0,GasA,Stone,464.0,PConc,340.0,20.0,Ex,Norm,3.0,Attchd,9.0,1698.0,1234.0,1Story,,2.0
2008.0,TA,Pave,1950.0,GasA,None,390.0,CBlock,0.0,50.0,TA,Norm,1.0,Detchd,5.0,832.0,442.0,1.5Fin,,10.0
2009.0,TA,Pave,1958.0,GasA,BrkFace,1584.0,CBlock,95.0,90.0,TA,Norm,3.0,Detchd,5.0,1584.0,0.0,1Story,,7.0
2009.0,Ex,Pave,1993.0,GasA,BrkFace,227.0,PConc,137.0,60.0,Gd,Norm,2.0,Attchd,7.0,740.0,513.0,2Story,,7.0
2007.0,Ex,Pave,1978.0,GasA,None,115.0,CBlock,0.0,85.0,TA,Norm,2.0,Attchd,6.0,888.0,773.0,SFoyer,,6.0
2008.0,Ex,Pave,2000.0,GasA,BrkFace,490.0,PConc,350.0,60.0,Gd,Norm,3.0,Attchd,8.0,1145.0,655.0,2Story,,12.0
2009.0,Ex,Pave,2008.0,GasA,Stone,2046.0,PConc,464.0,20.0,Gd,Norm,3.0,Attchd,8.0,2046.0,0.0,1Story,,7.0
2008.0,Ex,Pave,1997.0,GasA,None,125.0,PConc,0.0,60.0,TA,Norm,2.0,Attchd,7.0,729.0,604.0,2Story,,8.0
2007.0,Ex,Pave,2005.0,GasA,BrkFace,408.0,PConc,246.0,120.0,Ex,Norm,2.0,Attchd,9.0,1561.0,1153.0,1Story,,8.0
2007.0,TA,Pave,1972.0,GasA,None,276.0,CBlock,0.0,20.0,TA,Norm,2.0,Detchd,5.0,882.0,138.0,1Story,,3.0
2009.0,Ex,Pave,2004.0,GasA,None,912.0,PConc,0.0,60.0,Gd,Norm,2.0,BuiltIn,7.0,912.0,0.0,2Story,,11.0
2010.0,Ex,Pave,1995.0,GasA,BrkFace,431.0,PConc,362.0,60.0,Gd,Norm,2.0,Attchd,8.0,1463.0,1032.0,2Story,,4.0
2007.0,TA,Pave,2001.0,GasA,None,725.0,CBlock,0.0,20.0,TA,Norm,2.0,Attchd,6.0,1202.0,477.0,1Story,,6.0
2007.0,TA,Pave,1955.0,GasA,None,0.0,CBlock,0.0,80.0,TA,Norm,2.0,Detchd,5.0,384.0,384.0,SLvl,,2.0
2006.0,Ex,Pave,2005.0,GasA,None,1286.0,PConc,0.0,20.0,Gd,Norm,2.0,Attchd,7.0,1310.0,24.0,1Story,,7.0
2009.0,Ex,Pave,2005.0,GasA,Stone,797.0,PConc,42.0,20.0,Gd,Norm,3.0,Attchd,8.0,1836.0,1039.0,1Story,,3.0
2009.0,Ex,Pave,1996.0,GasA,BrkFace,773.0,PConc,506.0,60.0,Gd,Norm,3.0,Attchd,8.0,1462.0,689.0,2Story,,7.0
2007.0,TA,Pave,1964.0,GasA,BrkFace,1424.0,CBlock,84.0,90.0,TA,Norm,1.0,Detchd,5.0,1728.0,40.0,1Story,,11.0
2008.0,TA,Pave,1995.0,GasA,None,0.0,CBlock,0.0,20.0,TA,RRNn,2.0,Detchd,5.0,825.0,180.0,1Story,,6.0
2010.0,TA,Pave,1976.0,GasA,None,0.0,CBlock,0.0,20.0,TA,Norm,1.0,Attchd,5.0,894.0,182.0,1Story,,2.0
2009.0,Gd,Pave,1978.0,GasA,BrkFace,192.0,CBlock,92.0,60.0,TA,Norm,2.0,Attchd,6.0,918.0,226.0,2Story,,7.0
2010.0,Ex,Pave,2006.0,GasA,None,0.0,CBlock,0.0,20.0,TA,Norm,1.0,Detchd,4.0,0.0,0.0,1Story,,4.0
2008.0,Ex,Pave,2004.0,GasA,BrkFace,556.0,PConc,664.0,60.0,Gd,Norm,3.0,BuiltIn,9.0,1572.0,1016.0,2Story,,3.0
2007.0,TA,Pave,1965.0,GasA,BrkFace,237.0,CBlock,168.0,20.0,TA,Norm,2.0,Attchd,5.0,1073.0,836.0,1Story,,6.0
2009.0,TA,Pave,1977.0,GasA,BrkFace,664.0,CBlock,360.0,20.0,TA,Norm,2.0,Attchd,6.0,1350.0,686.0,1Story,,4.0
2006.0,TA,Pave,1950.0,GasA,None,522.0,CBlock,0.0,30.0,TA,Norm,0.0,,4.0,788.0,266.0,1Story,,4.0
2009.0,Gd,Pave,1989.0,GasA,BrkFace,0.0,PConc,145.0,80.0,Gd,Norm,2.0,Attchd,7.0,1518.0,1518.0,SLvl,,8.0
2007.0,TA,Pave,1971.0,GasA,None,858.0,CBlock,0.0,20.0,TA,Norm,4.0,Detchd,4.0,858.0,0.0,1Story,,6.0
2007.0,Ex,Pave,2002.0,GasA,None,264.0,BrkTil,0.0,70.0,TA,Norm,2.0,Detchd,5.0,264.0,0.0,2Story,,5.0
2006.0,Ex,Pave,2005.0,GasA,None,893.0,PConc,0.0,60.0,Gd,Norm,3.0,Attchd,8.0,893.0,0.0,2Story,,6.0
2009.0,TA,Pave,1963.0,GasA,None,470.0,PConc,0.0,20.0,TA,Norm,2.0,Detchd,5.0,1121.0,651.0,1Story,,6.0
2008.0,Ex,Pave,1950.0,GasA,None,516.0,CBlock,0.0,20.0,TA,Norm,1.0,Detchd,5.0,789.0,104.0,1Story,,4.0
2010.0,Ex,Pave,1963.0,GasA,BrkFace,173.0,PConc,156.0,85.0,TA,Norm,2.0,Attchd,6.0,936.0,763.0,SFoyer,,5.0
2007.0,TA,Pave,1956.0,GasA,BrkFace,462.0,CBlock,120.0,20.0,TA,Norm,1.0,Attchd,5.0,1048.0,586.0,1Story,,6.0
2006.0,TA,Pave,1996.0,GasA,BrkFace,710.0,CBlock,64.0,20.0,TA,Norm,1.0,Attchd,5.0,1070.0,360.0,1Story,,5.0
2010.0,TA,Pave,1964.0,GasA,BrkFace,138.0,PConc,86.0,80.0,TA,Norm,2.0,Attchd,5.0,1152.0,1014.0,SLvl,,4.0
2008.0,Ex,Pave,1998.0,GasA,BrkFace,270.0,PConc,258.0,20.0,TA,Norm,2.0,Attchd,6.0,1408.0,1138.0,1Story,,10.0
2009.0,Gd,Pave,1957.0,GasA,None,628.0,CBlock,0.0,20.0,TA,Norm,2.0,Attchd,6.0,1478.0,189.0,1Story,,6.0
2007.0,TA,Pave,2000.0,GasA,None,551.0,CBlock,0.0,20.0,TA,Norm,1.0,Attchd,5.0,928.0,377.0,1Story,,6.0
2009.0,Gd,Pave,2009.0,GasA,None,846.0,PConc,0.0,60.0,TA,Norm,2.0,Attchd,7.0,846.0,0.0,2Story,,7.0
2007.0,Ex,Pave,2003.0,GasA,None,661.0,PConc,0.0,50.0,TA,Norm,2.0,Detchd,5.0,661.0,0.0,1.5Fin,,11.0
2007.0,Ex,Pave,2003.0,GasA,None,847.0,PConc,0.0,60.0,Gd,Norm,2.0,BuiltIn,7.0,847.0,0.0,2Story,,10.0
2009.0,Ex,Pave,2005.0,GasA,None,291.0,PConc,0.0,60.0,Gd,Norm,2.0,Attchd,7.0,716.0,425.0,2Story,,7.0
2008.0,Ex,Pave,1950.0,GasA,None,140.0,BrkTil,0.0,190.0,TA,Artery,1.0,Attchd,5.0,991.0,851.0,1.5Unf,,1.0
2009.0,Fa,Pave,1952.0,GasW,None,0.0,Slab,0.0,20.0,TA,Norm,2.0,Detchd,3.0,0.0,0.0,1Story,,7.0
2007.0,Ex,Pave,2007.0,GasA,BrkFace,474.0,PConc,0.0,20.0,Gd,Norm,2.0,Attchd,8.0,1419.0,945.0,1Story,,10.0
2009.0,Ex,Pave,1956.0,GasA,None,672.0,CBlock,0.0,20.0,TA,Norm,1.0,Basment,4.0,672.0,0.0,1Story,,10.0
2007.0,Ex,Pave,2007.0,GasA,Stone,1638.0,PConc,274.0,20.0,Gd,Norm,3.0,Attchd,8.0,1638.0,0.0,1Story,,11.0
2006.0,TA,Pave,1962.0,GasA,None,141.0,CBlock,0.0,85.0,TA,Norm,1.0,Attchd,5.0,925.0,784.0,SFoyer,,5.0
2008.0,TA,Pave,1960.0,GasA,None,742.0,BrkTil,0.0,40.0,TA,Feedr,1.0,Detchd,5.0,742.0,0.0,1Story,Shed,8.0
2006.0,Ex,Pave,2006.0,GasA,BrkFace,1335.0,PConc,456.0,60.0,Gd,Norm,2.0,Attchd,7.0,1392.0,57.0,2Story,,3.0
2007.0,Ex,Pave,1991.0,GasA,BrkFace,452.0,CBlock,108.0,80.0,TA,Norm,1.0,Attchd,6.0,1302.0,270.0,SLvl,,10.0
2007.0,TA,Pave,1980.0,GasA,BrkFace,0.0,CBlock,180.0,90.0,TA,Norm,2.0,Detchd,5.0,936.0,936.0,SFoyer,,8.0
2009.0,Ex,Pave,2005.0,GasA,BrkFace,218.0,CBlock,90.0,20.0,Gd,Norm,1.0,Attchd,5.0,864.0,646.0,1Story,,7.0
2008.0,TA,Pave,1991.0,GasA,None,148.0,CBlock,0.0,190.0,TA,Norm,0.0,,5.0,1117.0,969.0,2Story,,1.0
2008.0,Ex,Pave,1995.0,GasA,None,304.0,PConc,0.0,20.0,TA,Norm,2.0,Detchd,5.0,990.0,686.0,1Story,,2.0
2007.0,TA,Pave,1994.0,GasA,None,977.0,CBlock,0.0,50.0,TA,Norm,0.0,,5.0,1598.0,152.0,1.5Fin,,3.0
2007.0,Ex,Pave,2003.0,GasA,None,638.0,PConc,0.0,20.0,Gd,Norm,2.0,Attchd,7.0,1337.0,699.0,1Story,,10.0
2006.0,TA,Pave,1950.0,GasA,None,672.0,PConc,0.0,50.0,TA,Norm,3.0,Detchd,3.0,672.0,0.0,1.5Fin,,1.0
2006.0,Ex,Pave,2006.0,GasA,Stone,1368.0,PConc,94.0,120.0,Gd,Norm,2.0,Attchd,7.0,1368.0,0.0,1Story,,3.0
2010.0,Ex,Pave,2009.0,GasA,None,1176.0,PConc,0.0,20.0,TA,Norm,2.0,Attchd,6.0,1212.0,36.0,1Story,,3.0
2008.0,Gd,Pave,1958.0,GasA,BrkFace,510.0,CBlock,135.0,20.0,TA,Norm,1.0,Attchd,6.0,1080.0,570.0,1Story,,6.0
2010.0,Ex,Pave,1998.0,GasA,BrkFace,299.0,PConc,116.0,60.0,TA,Norm,2.0,Attchd,6.0,804.0,505.0,2Story,,6.0
2006.0,TA,Pave,1976.0,GasA,BrkFace,84.0,PConc,120.0,60.0,TA,Norm,2.0,Attchd,6.0,796.0,712.0,2Story,,7.0
2006.0,Gd,Pave,1996.0,GasA,None,99.0,PConc,0.0,60.0,TA,Norm,2.0,Attchd,6.0,691.0,592.0,2Story,,7.0
2006.0,Ex,Pave,2002.0,GasA,None,216.0,PConc,0.0,60.0,Gd,Norm,2.0,BuiltIn,7.0,916.0,700.0,2Story,,6.0
2007.0,Ex,Pave,2007.0,GasA,BrkFace,1258.0,PConc,72.0,120.0,Gd,Norm,3.0,Attchd,7.0,1258.0,0.0,1Story,,6.0
2008.0,TA,Pave,1960.0,GasA,BrkFace,520.0,CBlock,212.0,20.0,TA,Norm,1.0,Attchd,6.0,1253.0,733.0,1Story,,5.0
2010.0,Ex,Pave,2005.0,GasA,BrkFace,761.0,PConc,109.0,20.0,Gd,Norm,2.0,Attchd,7.0,1473.0,712.0,1Story,,5.0
2008.0,Ex,Pave,1950.0,GasA,None,1163.0,BrkTil,0.0,50.0,TA,Norm,2.0,Detchd,6.0,1163.0,0.0,1.5Fin,,7.0
2009.0,Ex,Pave,1970.0,GasA,None,673.0,CBlock,0.0,20.0,TA,Norm,2.0,Detchd,4.0,864.0,191.0,1Story,,7.0
2008.0,TA,Pave,1992.0,GasA,None,1078.0,PConc,0.0,50.0,TA,Norm,2.0,Detchd,5.0,1078.0,0.0,1.5Fin,,6.0
2006.0,Ex,Pave,2005.0,GasA,None,434.0,PConc,0.0,20.0,Gd,Norm,2.0,Attchd,7.0,1734.0,1300.0,1Story,,1.0
2009.0,Ex,Pave,2003.0,GasA,BrkFace,0.0,Slab,500.0,85.0,Gd,Norm,2.0,BuiltIn,7.0,0.0,0.0,SFoyer,,7.0
2007.0,Ex,Pave,2006.0,GasA,BrkFace,0.0,PConc,98.0,20.0,TA,Norm,1.0,Attchd,5.0,0.0,0.0,1Story,,6.0
2009.0,TA,Pave,1977.0,GasA,BrkFace,155.0,CBlock,140.0,60.0,TA,Norm,2.0,Attchd,6.0,690.0,535.0,2Story,,7.0
2010.0,Gd,Pave,2003.0,GasA,None,624.0,BrkTil,0.0,30.0,TA,Norm,2.0,Detchd,6.0,624.0,0.0,1Story,,5.0
2006.0,Ex,Pave,1992.0,GasA,BrkFace,1288.0,CBlock,284.0,60.0,Gd,Norm,2.0,Attchd,8.0,1288.0,0.0,2Story,,4.0
2009.0,Ex,Pave,1995.0,GasA,None,64.0,Wood,0.0,50.0,TA,Norm,2.0,Attchd,5.0,796.0,732.0,1.5Fin,Shed,10.0
2006.0,Ex,Pave,1950.0,GasA,None,666.0,BrkTil,0.0,30.0,TA,Norm,1.0,Detchd,4.0,951.0,285.0,1Story,,4.0
2007.0,Ex,Pave,2007.0,GasA,None,783.0,PConc,0.0,60.0,Gd,Norm,2.0,Attchd,6.0,783.0,0.0,2Story,,7.0
2007.0,TA,Pave,2006.0,GasA,None,684.0,PConc,0.0,70.0,TA,Norm,0.0,,6.0,684.0,0.0,2Story,,3.0
2007.0,TA,Pave,2002.0,GasA,None,75.0,PConc,0.0,30.0,TA,Norm,1.0,Detchd,5.0,440.0,365.0,1Story,,3.0
2007.0,Gd,Pave,1961.0,GasA,BrkCmn,126.0,CBlock,192.0,20.0,TA,Norm,1.0,Attchd,4.0,1029.0,903.0,1Story,,4.0
2006.0,Gd,Pave,1971.0,GasA,BrkFace,409.0,CBlock,252.0,60.0,TA,Norm,2.0,Attchd,6.0,825.0,416.0,2Story,,6.0
2006.0,TA,Pave,1950.0,GasA,None,286.0,CBlock,0.0,190.0,TA,Norm,2.0,Detchd,5.0,793.0,507.0,1.5Fin,,5.0
2006.0,Ex,Pave,1999.0,GasA,BrkFace,241.0,PConc,218.0,160.0,Gd,Norm,2.0,Detchd,7.0,691.0,450.0,2Story,,3.0
2007.0,TA,Pave,1976.0,GasA,None,248.0,CBlock,0.0,160.0,TA,Norm,2.0,Detchd,6.0,804.0,556.0,2Story,,7.0
2009.0,Ex,Pave,2003.0,GasA,BrkFace,2336.0,PConc,922.0,20.0,Ex,Norm,3.0,Attchd,10.0,2392.0,56.0,1Story,,6.0
2010.0,Fa,Pave,1963.0,GasA,None,216.0,CBlock,0.0,20.0,TA,Norm,1.0,Attchd,5.0,1040.0,824.0,1Story,,6.0
2009.0,TA,Pave,1968.0,GasA,BrkFace,448.0,CBlock,576.0,60.0,TA,Norm,1.0,Attchd,6.0,896.0,448.0,2Story,,6.0
2007.0,Ex,Pave,2006.0,GasA,None,1088.0,PConc,0.0,60.0,Gd,Norm,3.0,Attchd,8.0,1088.0,0.0,2Story,,12.0
2008.0,Ex,Pave,2005.0,GasA,BrkFace,400.0,PConc,120.0,20.0,TA,Norm,0.0,,7.0,1080.0,680.0,1Story,,4.0
2008.0,Ex,Pave,2007.0,GasA,None,689.0,PConc,0.0,160.0,Gd,Norm,2.0,Detchd,7.0,689.0,0.0,2Story,,2.0
2007.0,TA,Pave,1961.0,GasA,BrkFace,161.0,CBlock,57.0,20.0,TA,Norm,2.0,Detchd,5.0,988.0,827.0,1Story,,10.0
2008.0,Gd,Pave,1968.0,GasA,BrkFace,280.0,CBlock,342.0,60.0,TA,Norm,2.0,Attchd,7.0,832.0,552.0,2Story,,4.0
2006.0,Ex,Pave,1999.0,GasA,BrkFace,426.0,PConc,183.0,20.0,Gd,Norm,2.0,Attchd,7.0,1588.0,1162.0,1Story,,8.0
2010.0,Ex,Pave,2009.0,GasA,Stone,892.0,PConc,432.0,20.0,Ex,Norm,2.0,Attchd,7.0,1470.0,578.0,1Story,,6.0
2007.0,Ex,Pave,2007.0,GasA,BrkFace,2121.0,PConc,315.0,20.0,Ex,Norm,3.0,Attchd,9.0,2121.0,0.0,1Story,,5.0
2006.0,Ex,Pave,2006.0,GasA,None,1293.0,PConc,0.0,20.0,Gd,Norm,2.0,Attchd,7.0,1293.0,0.0,1Story,,8.0
2007.0,Ex,Pave,2007.0,GasA,,135.0,PConc,,120.0,Gd,Norm,2.0,Attchd,7.0,1241.0,1106.0,1Story,,11.0
2008.0,TA,Pave,1976.0,GasA,BrkFace,549.0,CBlock,160.0,20.0,TA,Norm,2.0,Attchd,6.0,1193.0,644.0,1Story,,5.0
2008.0,Ex,Pave,1998.0,GasA,BrkFace,35.0,PConc,200.0,90.0,TA,Norm,4.0,Attchd,7.0,1344.0,1309.0,SFoyer,,11.0
2007.0,Ex,Pave,2006.0,GasA,None,1240.0,PConc,0.0,20.0,Gd,Norm,3.0,Attchd,7.0,1240.0,0.0,1Story,,5.0
2009.0,TA,Pave,1979.0,GasA,None,0.0,Slab,0.0,90.0,TA,Norm,2.0,Detchd,5.0,0.0,0.0,2Story,,6.0
2007.0,Ex,Pave,1981.0,GasA,BrkFace,762.0,CBlock,310.0,20.0,Gd,Norm,2.0,Attchd,6.0,1440.0,678.0,1Story,,4.0
2006.0,Gd,Pave,1970.0,GasA,None,864.0,CBlock,0.0,20.0,TA,Norm,1.0,Attchd,4.0,864.0,0.0,1Story,Shed,7.0
2009.0,Ex,Pave,1999.0,GasA,None,379.0,PConc,0.0,20.0,Gd,Norm,2.0,Attchd,7.0,1650.0,144.0,1Story,,6.0
2009.0,TA,Pave,1950.0,GasA,None,778.0,BrkTil,0.0,50.0,TA,Norm,1.0,Detchd,6.0,778.0,0.0,1.5Fin,,7.0
2007.0,Ex,Pave,2001.0,GasA,BrkFace,1349.0,PConc,108.0,20.0,TA,Norm,2.0,Attchd,7.0,1349.0,0.0,1Story,,12.0
2008.0,Ex,Pave,2000.0,GasA,None,901.0,CBlock,0.0,20.0,TA,Norm,1.0,Detchd,4.0,901.0,0.0,1Story,,8.0
2006.0,Ex,Pave,1992.0,GasA,None,374.0,PConc,0.0,60.0,Gd,Norm,2.0,Attchd,6.0,761.0,387.0,2Story,,7.0
2009.0,Ex,Pave,2004.0,GasA,None,1092.0,CBlock,0.0,20.0,TA,Norm,1.0,Attchd,6.0,1092.0,0.0,1Story,,8.0
2006.0,Gd,Pave,2005.0,GasA,BrkFace,0.0,PConc,80.0,180.0,TA,Norm,2.0,Basment,5.0,547.0,547.0,SLvl,,5.0
2007.0,TA,Pave,1953.0,GasA,BrkFace,905.0,CBlock,184.0,20.0,TA,Norm,2.0,Basment,6.0,1809.0,35.0,1Story,,10.0
2009.0,TA,Pave,2008.0,GasA,None,364.0,CBlock,0.0,20.0,TA,Norm,2.0,Detchd,5.0,1040.0,532.0,1Story,,9.0
2008.0,TA,Pave,1969.0,GasA,None,0.0,CBlock,0.0,90.0,TA,Norm,2.0,CarPort,4.0,1198.0,1198.0,SFoyer,,1.0
2006.0,Gd,Pave,1994.0,GasA,BrkFace,179.0,PConc,112.0,60.0,TA,Norm,2.0,Attchd,6.0,697.0,518.0,2Story,,5.0
2009.0,Ex,Pave,2007.0,GasA,None,1450.0,PConc,0.0,20.0,Gd,Norm,3.0,Attchd,8.0,1466.0,16.0,1Story,,7.0
2008.0,Ex,Pave,2006.0,GasA,BrkFace,247.0,CBlock,54.0,20.0,Gd,Norm,1.0,Attchd,5.0,1053.0,806.0,1Story,,8.0
2010.0,Ex,Pave,2005.0,GasA,BrkFace,1296.0,PConc,412.0,120.0,Ex,Norm,2.0,Attchd,9.0,1752.0,456.0,1Story,,2.0
2007.0,Ex,Pave,1998.0,GasA,None,39.0,PConc,0.0,20.0,Gd,Norm,2.0,Attchd,7.0,1482.0,1443.0,1Story,,8.0
2008.0,Gd,Pave,1964.0,GasA,BrkFace,935.0,CBlock,272.0,20.0,TA,Norm,2.0,Attchd,6.0,1425.0,490.0,1Story,,7.0
2008.0,Ex,Pave,2008.0,GasA,BrkFace,162.0,PConc,766.0,120.0,Ex,Norm,3.0,Attchd,9.0,1702.0,1540.0,1Story,,10.0
2009.0,Ex,Pave,2007.0,GasA,None,1800.0,PConc,0.0,20.0,Gd,Norm,2.0,Attchd,9.0,1800.0,0.0,1Story,,5.0
2008.0,Gd,Pave,2003.0,GasA,None,188.0,CBlock,0.0,90.0,TA,Norm,0.0,,5.0,1272.0,1084.0,1.5Fin,,9.0
2008.0,Fa,Pave,1996.0,GasA,None,588.0,PConc,0.0,70.0,TA,Norm,1.0,Detchd,8.0,588.0,0.0,2Story,,6.0
2006.0,TA,Pave,1978.0,GasA,BrkFace,133.0,CBlock,184.0,60.0,TA,Norm,2.0,Attchd,7.0,1392.0,790.0,2Story,TenC,7.0
2007.0,TA,Pave,2000.0,GasA,BrkCmn,739.0,BrkTil,435.0,30.0,TA,Norm,2.0,Detchd,4.0,907.0,168.0,1Story,,3.0
2006.0,Fa,Pave,1950.0,GasA,None,792.0,PConc,0.0,70.0,TA,Norm,2.0,Detchd,8.0,792.0,0.0,2Story,,6.0
2007.0,Ex,Pave,2007.0,GasA,None,914.0,PConc,0.0,20.0,TA,Norm,0.0,,5.0,1120.0,206.0,1Story,,12.0
2007.0,Gd,Pave,1992.0,GasA,BrkFace,384.0,PConc,170.0,80.0,TA,Norm,2.0,Attchd,7.0,384.0,0.0,SLvl,,7.0
2009.0,Gd,Pave,1971.0,GasA,None,160.0,CBlock,0.0,20.0,TA,Norm,2.0,Detchd,4.0,864.0,524.0,1Story,,3.0
2010.0,Fa,Pave,1959.0,GasA,BrkFace,188.0,CBlock,180.0,20.0,TA,Norm,2.0,Attchd,5.0,1188.0,1000.0,1Story,,5.0
2006.0,Ex,Pave,2006.0,GasA,None,770.0,PConc,0.0,60.0,Gd,Norm,2.0,Attchd,7.0,770.0,0.0,2Story,,8.0
2006.0,TA,Pave,1970.0,GasW,BrkFace,171.0,CBlock,160.0,190.0,TA,Norm,2.0,Detchd,4.0,960.0,789.0,1Story,,5.0
2008.0,Ex,Pave,2006.0,GasA,BrkFace,1550.0,PConc,53.0,20.0,Gd,Norm,3.0,Attchd,8.0,1574.0,24.0,1Story,,7.0
2007.0,TA,Pave,2005.0,GasW,None,793.0,CBlock,0.0,50.0,TA,Norm,0.0,,5.0,793.0,0.0,1.5Fin,,8.0
2009.0,Ex,Pave,1999.0,GasA,None,76.0,CBlock,0.0,80.0,TA,Norm,2.0,Attchd,5.0,520.0,444.0,SLvl,,10.0
2009.0,Ex,Pave,1997.0,GasA,BrkFace,1264.0,PConc,921.0,60.0,Gd,Norm,3.0,Attchd,7.0,1264.0,0.0,2Story,,7.0
2008.0,Ex,Pave,2004.0,GasA,Stone,638.0,PConc,146.0,120.0,Gd,Norm,2.0,Attchd,7.0,1358.0,720.0,1Story,,7.0
2007.0,Ex,Pave,2000.0,GasA,None,924.0,PConc,0.0,60.0,TA,Norm,2.0,Attchd,6.0,924.0,0.0,2Story,,11.0
2009.0,TA,Pave,1962.0,GasA,BrkFace,0.0,CBlock,399.0,80.0,TA,Norm,2.0,Attchd,6.0,1362.0,672.0,SLvl,,5.0
2010.0,TA,Pave,1981.0,GasA,BrkFace,650.0,CBlock,130.0,60.0,TA,Norm,2.0,Attchd,6.0,650.0,0.0,2Story,,4.0
2009.0,Ex,Pave,2005.0,GasA,Stone,406.0,PConc,135.0,120.0,Gd,Norm,2.0,Attchd,6.0,1306.0,900.0,1Story,,8.0
2006.0,Gd,Pave,1987.0,GasA,BrkFace,92.0,CBlock,72.0,20.0,TA,Norm,2.0,Attchd,6.0,1112.0,980.0,1Story,,7.0
2008.0,Ex,Pave,1954.0,GasA,None,988.0,CBlock,0.0,20.0,TA,Norm,2.0,Attchd,5.0,988.0,0.0,1Story,,2.0
2007.0,TA,Pave,2005.0,GasA,BrkFace,23.0,CBlock,82.0,80.0,TA,Norm,1.0,BuiltIn,5.0,372.0,349.0,SLvl,,12.0
2007.0,Ex,Pave,2002.0,GasA,BrkFace,422.0,CBlock,45.0,20.0,TA,Norm,1.0,Attchd,5.0,1010.0,588.0,1Story,,4.0
2008.0,TA,Pave,1997.0,GasA,None,384.0,CBlock,0.0,60.0,TA,Norm,2.0,Attchd,6.0,1522.0,956.0,2Story,,6.0
2006.0,Gd,Pave,1950.0,GasA,None,0.0,BrkTil,0.0,50.0,TA,Norm,1.0,Attchd,6.0,617.0,617.0,1.5Fin,,5.0
2007.0,TA,Pave,1983.0,GasA,None,748.0,PConc,0.0,20.0,TA,Norm,2.0,Attchd,6.0,1084.0,336.0,1Story,,6.0
2009.0,Ex,Pave,2009.0,GasA,None,55.0,CBlock,0.0,50.0,Gd,Norm,2.0,BuiltIn,8.0,1496.0,1441.0,1.5Fin,,9.0
2006.0,Gd,Pave,1992.0,GasA,BrkFace,570.0,CBlock,143.0,80.0,TA,Norm,2.0,Attchd,7.0,570.0,0.0,SLvl,,9.0
2006.0,TA,Pave,1950.0,GasA,None,648.0,BrkTil,0.0,50.0,TA,Norm,2.0,Detchd,6.0,648.0,0.0,1.5Fin,,10.0
2010.0,Ex,Pave,2008.0,GasA,Stone,486.0,PConc,200.0,20.0,Gd,Norm,3.0,Attchd,8.0,1704.0,1218.0,1Story,,5.0
2009.0,Ex,Pave,1950.0,GasA,None,599.0,CBlock,0.0,30.0,TA,Norm,2.0,Detchd,4.0,861.0,262.0,1Story,,3.0
2007.0,Gd,Pave,1968.0,GasA,BrkFace,143.0,CBlock,365.0,60.0,Gd,Norm,2.0,Attchd,6.0,702.0,384.0,2Story,,6.0
2008.0,TA,Pave,1970.0,GasA,BrkFace,162.0,CBlock,127.0,160.0,TA,Norm,1.0,Detchd,6.0,483.0,321.0,2Story,,9.0
2006.0,Ex,Pave,2006.0,GasA,Stone,515.0,PConc,84.0,20.0,Gd,Norm,2.0,Attchd,7.0,1199.0,684.0,1Story,,7.0
2007.0,Ex,Pave,2007.0,GasA,BrkFace,1258.0,PConc,72.0,120.0,Gd,Norm,3.0,Attchd,7.0,1258.0,0.0,1Story,,2.0
2006.0,Ex,Pave,2004.0,GasA,BrkFace,186.0,PConc,169.0,120.0,Gd,Norm,2.0,Attchd,6.0,848.0,662.0,1Story,,5.0
2009.0,Ex,Pave,1995.0,GasA,None,244.0,PConc,0.0,20.0,TA,Norm,2.0,Detchd,5.0,990.0,746.0,1Story,,5.0
2008.0,Gd,Pave,2006.0,GasA,BrkFace,300.0,CBlock,84.0,80.0,TA,Norm,1.0,Basment,6.0,1019.0,719.0,SLvl,,5.0
2010.0,Ex,Pave,2004.0,GasA,BrkFace,1515.0,PConc,168.0,20.0,Gd,Norm,2.0,Attchd,7.0,1517.0,2.0,1Story,,3.0
2006.0,Ex,Pave,1996.0,GasA,None,572.0,PConc,0.0,85.0,Gd,Norm,2.0,Detchd,5.0,870.0,298.0,SFoyer,,7.0
2006.0,Gd,Pave,1991.0,GasA,None,504.0,PConc,0.0,50.0,TA,Feedr,2.0,Attchd,5.0,504.0,0.0,1.5Fin,,6.0
2006.0,TA,Pave,1984.0,GasA,None,184.0,CBlock,0.0,80.0,TA,Norm,2.0,Detchd,6.0,1003.0,819.0,SLvl,,3.0
2009.0,TA,Pave,1970.0,GasA,None,121.0,CBlock,0.0,180.0,TA,Norm,1.0,Attchd,4.0,630.0,509.0,SFoyer,,4.0
2007.0,Ex,Pave,1958.0,GasA,BrkFace,81.0,CBlock,63.0,80.0,TA,Norm,1.0,Attchd,6.0,588.0,507.0,SLvl,,6.0
2008.0,Ex,Pave,1962.0,GasA,BrkFace,539.0,CBlock,318.0,60.0,TA,Norm,2.0,Attchd,6.0,858.0,319.0,2Story,,3.0
2007.0,Ex,Pave,1971.0,GasA,BrkFace,294.0,CBlock,376.0,160.0,TA,Norm,2.0,Detchd,5.0,765.0,471.0,2Story,,8.0
2009.0,TA,Pave,1965.0,GasA,None,525.0,CBlock,0.0,20.0,TA,Norm,1.0,Attchd,5.0,1029.0,504.0,1Story,,5.0
2008.0,Gd,Pave,1989.0,GasA,None,461.0,PConc,0.0,120.0,Gd,Norm,2.0,Attchd,8.0,1228.0,767.0,1Story,,10.0
2008.0,Ex,Pave,1955.0,GasA,None,212.0,CBlock,0.0,30.0,TA,Norm,1.0,Detchd,5.0,740.0,403.0,1Story,,2.0
2009.0,TA,Pave,1978.0,GasA,BrkFace,424.0,CBlock,136.0,20.0,TA,Norm,0.0,,5.0,1040.0,616.0,1Story,,8.0
2006.0,Gd,Pave,1995.0,GasA,None,686.0,PConc,0.0,190.0,TA,Norm,0.0,,5.0,686.0,0.0,2Story,,7.0
2009.0,TA,Pave,1969.0,GasA,BrkFace,748.0,CBlock,368.0,90.0,TA,Norm,4.0,Detchd,5.0,1248.0,500.0,2Story,,8.0
2006.0,TA,Pave,1964.0,GasA,BrkFace,698.0,CBlock,425.0,20.0,TA,Norm,1.0,Attchd,6.0,1251.0,553.0,1Story,Shed,3.0
2009.0,Ex,Pave,2000.0,GasA,BrkFace,536.0,PConc,204.0,60.0,Gd,Norm,3.0,Attchd,9.0,1440.0,904.0,2Story,,5.0
2006.0,Ex,Pave,2002.0,GasA,BrkFace,1753.0,PConc,178.0,20.0,Gd,Norm,3.0,Attchd,8.0,1753.0,0.0,1Story,,8.0
2008.0,TA,Pave,1950.0,GasA,None,823.0,BrkTil,0.0,30.0,TA,Norm,0.0,,3.0,864.0,41.0,1Story,,9.0
2008.0,Ex,Pave,2004.0,GasA,None,468.0,PConc,0.0,20.0,TA,Norm,2.0,Detchd,5.0,1114.0,646.0,1Story,,6.0
2007.0,Ex,Pave,2000.0,GasA,None,298.0,PConc,0.0,120.0,Gd,Norm,2.0,Attchd,8.0,1494.0,1196.0,1Story,,8.0
2009.0,Fa,Pave,1950.0,Wall,None,0.0,Slab,0.0,90.0,TA,Norm,2.0,Detchd,3.0,0.0,0.0,1Story,,6.0
2008.0,Gd,Pave,1950.0,GasA,None,0.0,BrkTil,0.0,45.0,TA,Norm,0.0,,5.0,784.0,784.0,1.5Unf,,5.0
2006.0,Gd,Pave,1987.0,GasA,None,32.0,CBlock,0.0,20.0,Gd,Norm,3.0,Attchd,9.0,1842.0,1810.0,1Story,,11.0
2007.0,TA,Pave,1979.0,GasA,BrkCmn,111.0,CBlock,113.0,60.0,TA,Norm,2.0,CarPort,6.0,1021.0,187.0,2Story,,8.0
2009.0,TA,Pave,1977.0,GasA,BrkFace,564.0,CBlock,209.0,20.0,TA,Norm,2.0,Attchd,7.0,1386.0,822.0,1Story,,4.0
2007.0,Ex,Pave,1987.0,GasA,BrkFace,0.0,CBlock,172.0,60.0,Gd,Norm,2.0,Attchd,7.0,1502.0,28.0,2Story,,8.0
2007.0,Ex,Pave,2006.0,GasA,None,1632.0,PConc,0.0,20.0,Gd,Norm,3.0,Attchd,8.0,1656.0,24.0,1Story,,7.0
2008.0,Gd,Pave,1972.0,GasA,None,135.0,CBlock,0.0,180.0,TA,Norm,0.0,,4.0,630.0,495.0,SFoyer,,6.0
2009.0,TA,Pave,1980.0,GasA,BrkFace,336.0,CBlock,225.0,80.0,TA,Norm,2.0,Attchd,7.0,1372.0,1036.0,SLvl,,6.0
2009.0,Gd,Pave,1968.0,GasA,BrkFace,1392.0,CBlock,216.0,20.0,TA,Norm,2.0,Attchd,6.0,1392.0,0.0,1Story,,7.0
2006.0,Gd,Pave,2003.0,GasA,None,485.0,CBlock,0.0,50.0,TA,Norm,1.0,Attchd,6.0,485.0,0.0,1.5Fin,,6.0
2006.0,Ex,Pave,1972.0,GasA,None,504.0,CBlock,0.0,20.0,TA,Norm,1.0,Attchd,5.0,864.0,360.0,1Story,,6.0
2006.0,Ex,Pave,2005.0,GasA,BrkFace,1346.0,PConc,145.0,120.0,Gd,Norm,2.0,Attchd,7.0,1362.0,16.0,1Story,,4.0
2008.0,Ex,Pave,2004.0,GasA,BrkFace,132.0,PConc,292.0,60.0,Gd,Norm,3.0,BuiltIn,7.0,998.0,866.0,2Story,,8.0
2006.0,Ex,Pave,2000.0,GasA,BrkFace,1406.0,PConc,40.0,60.0,Gd,Norm,2.0,Attchd,8.0,1406.0,0.0,2Story,,11.0
2010.0,Ex,Pave,2002.0,GasA,None,557.0,CBlock,0.0,20.0,Gd,Norm,2.0,Attchd,6.0,1517.0,247.0,1Story,,6.0
2006.0,TA,Pave,1994.0,GasA,None,447.0,CBlock,0.0,20.0,TA,Norm,1.0,Attchd,5.0,912.0,465.0,1Story,,6.0
2009.0,TA,Pave,1976.0,GasA,BrkFace,1090.0,CBlock,189.0,20.0,TA,Norm,2.0,Attchd,7.0,1090.0,0.0,1Story,,6.0
2006.0,Fa,Pave,1950.0,Wall,BrkFace,0.0,Slab,340.0,90.0,TA,Norm,2.0,Detchd,3.0,0.0,0.0,1Story,,5.0
2009.0,Ex,Pave,2007.0,GasA,None,0.0,PConc,0.0,70.0,Gd,Norm,2.0,Detchd,7.0,560.0,350.0,2Story,,4.0
2010.0,TA,Pave,1971.0,GasA,None,432.0,CBlock,0.0,20.0,TA,Norm,0.0,,4.0,864.0,432.0,1Story,,4.0
2008.0,Ex,Pave,2006.0,GasA,None,1099.0,PConc,0.0,20.0,TA,Norm,1.0,Attchd,5.0,1099.0,0.0,1Story,,6.0
2009.0,Ex,Pave,1994.0,GasA,None,378.0,PConc,0.0,60.0,Gd,Norm,2.0,BuiltIn,7.0,973.0,595.0,2Story,,1.0
2009.0,Ex,Pave,1950.0,GasA,None,780.0,CBlock,0.0,50.0,TA,Norm,1.0,Detchd,6.0,780.0,0.0,1.5Fin,,5.0
2009.0,TA,Pave,1974.0,GasA,None,896.0,CBlock,0.0,90.0,TA,Norm,0.0,,5.0,896.0,0.0,2Story,,9.0
2006.0,Ex,Pave,2000.0,GasA,None,418.0,CBlock,0.0,20.0,TA,Norm,1.0,Detchd,5.0,833.0,415.0,1Story,,8.0
2008.0,TA,Pave,1955.0,GasA,None,0.0,PConc,0.0,90.0,TA,Norm,0.0,,4.0,0.0,0.0,1Story,,6.0
2009.0,Ex,Pave,1960.0,GasA,BrkFace,208.0,CBlock,30.0,20.0,TA,Norm,2.0,Attchd,6.0,1478.0,1270.0,1Story,,12.0
2009.0,TA,Pave,1950.0,GasA,None,408.0,CBlock,0.0,50.0,TA,Norm,1.0,Detchd,5.0,720.0,312.0,1.5Fin,,4.0
2009.0,Ex,Pave,1999.0,GasA,None,841.0,PConc,0.0,60.0,TA,Norm,2.0,BuiltIn,6.0,841.0,0.0,2Story,,6.0
2006.0,Ex,Pave,2002.0,GasA,BrkFace,936.0,PConc,144.0,60.0,Gd,Norm,2.0,Attchd,7.0,936.0,0.0,2Story,,2.0
2008.0,Ex,Pave,2002.0,GasA,BrkFace,434.0,PConc,162.0,60.0,Gd,Norm,2.0,Attchd,7.0,920.0,486.0,2Story,,9.0
2007.0,Ex,Pave,1976.0,GasA,None,284.0,CBlock,0.0,20.0,TA,Norm,2.0,Attchd,6.0,1262.0,978.0,1Story,,5.0
2007.0,Ex,Pave,1986.0,GasA,None,1074.0,CBlock,0.0,120.0,Gd,Norm,2.0,Attchd,8.0,1074.0,0.0,1Story,,10.0
2009.0,Gd,Pave,1984.0,GasA,None,184.0,CBlock,0.0,120.0,Gd,Norm,2.0,Attchd,8.0,1220.0,1036.0,1Story,,8.0
2008.0,Ex,Pave,2004.0,GasA,None,280.0,PConc,0.0,60.0,Gd,Norm,2.0,Attchd,7.0,770.0,490.0,2Story,,9.0
2009.0,Ex,Pave,1950.0,GasA,None,300.0,BrkTil,0.0,50.0,Gd,Norm,1.0,Detchd,5.0,728.0,428.0,1.5Fin,,6.0
2009.0,Ex,Pave,1999.0,GasA,None,871.0,PConc,0.0,20.0,Gd,Norm,2.0,Attchd,7.0,1431.0,560.0,1Story,,9.0
2007.0,Ex,Pave,1987.0,GasA,BrkFace,331.0,CBlock,85.0,20.0,TA,Norm,2.0,Attchd,6.0,1144.0,594.0,1Story,,6.0
2006.0,Gd,Pave,2006.0,GasA,None,1095.0,PConc,0.0,60.0,Gd,Norm,3.0,Attchd,8.0,1095.0,0.0,2Story,,8.0
2009.0,Ex,Pave,1950.0,GasA,None,864.0,PConc,0.0,30.0,TA,Norm,0.0,,5.0,864.0,0.0,1Story,,7.0
2006.0,Ex,Pave,2006.0,GasA,BrkFace,1410.0,PConc,1031.0,60.0,Ex,Norm,3.0,BuiltIn,10.0,1410.0,0.0,2Story,,10.0
2009.0,Ex,Pave,2009.0,GasA,Stone,364.0,PConc,72.0,20.0,Gd,Norm,2.0,Attchd,8.0,1300.0,936.0,1Story,,9.0
2006.0,Ex,Pave,2005.0,GasA,None,1836.0,PConc,0.0,20.0,Gd,Norm,2.0,Attchd,7.0,1860.0,24.0,1Story,,10.0
2007.0,Gd,Pave,1997.0,GasA,None,357.0,CBlock,0.0,30.0,TA,Norm,0.0,,5.0,686.0,329.0,1Story,,8.0
2009.0,Ex,Pave,2007.0,GasA,BrkFace,398.0,PConc,130.0,120.0,Gd,Norm,3.0,Attchd,7.0,1386.0,988.0,1Story,,5.0
2010.0,Ex,Pave,2003.0,GasA,BrkFace,234.0,PConc,603.0,60.0,Ex,Norm,3.0,BuiltIn,8.0,1650.0,1416.0,2Story,,6.0
2008.0,Ex,Pave,2008.0,GasA,Stone,466.0,PConc,796.0,60.0,Ex,Norm,2.0,Attchd,10.0,6110.0,5644.0,2Story,,1.0
2009.0,Ex,Pave,2000.0,GasA,BrkFace,321.0,PConc,456.0,160.0,Gd,Norm,2.0,Attchd,8.0,970.0,649.0,2Story,,8.0
2009.0,TA,Pave,1950.0,GasA,None,755.0,CBlock,0.0,70.0,TA,Norm,1.0,Detchd,4.0,755.0,0.0,2Story,,10.0
2008.0,Ex,Pave,1954.0,GasA,BrkFace,1050.0,BrkTil,335.0,50.0,TA,Norm,1.0,Attchd,5.0,1050.0,0.0,1.5Fin,,11.0
2008.0,TA,Pave,2000.0,GasA,None,0.0,BrkTil,0.0,190.0,TA,Norm,0.0,,4.0,0.0,0.0,2Story,,8.0
2008.0,Ex,Pave,2008.0,GasA,BrkFace,442.0,PConc,816.0,20.0,Ex,PosN,3.0,Attchd,10.0,2078.0,1636.0,1Story,,6.0
2009.0,Ex,Pave,2009.0,GasA,Stone,645.0,PConc,162.0,20.0,Ex,Norm,3.0,Attchd,9.0,1766.0,1121.0,1Story,,10.0
2009.0,Gd,Pave,1995.0,GasA,None,542.0,CBlock,0.0,80.0,Gd,Norm,2.0,Attchd,8.0,1952.0,1410.0,SLvl,,7.0
2008.0,Fa,Pave,1950.0,GasA,None,520.0,BrkTil,0.0,30.0,TA,RRNn,1.0,Detchd,4.0,520.0,0.0,1Story,,5.0
2006.0,Gd,Pave,1987.0,GasA,None,794.0,CBlock,0.0,50.0,Gd,Norm,1.0,Attchd,7.0,1017.0,223.0,1.5Fin,,6.0
2010.0,Ex,Pave,2008.0,GasA,Stone,1694.0,PConc,72.0,20.0,Gd,Norm,3.0,Attchd,8.0,1694.0,0.0,1Story,,2.0
2007.0,Gd,Pave,1994.0,GasA,None,702.0,PConc,0.0,50.0,TA,Norm,1.0,Detchd,5.0,702.0,0.0,1.5Fin,,7.0
2009.0,Ex,Pave,2004.0,GasA,None,1276.0,BrkTil,0.0,70.0,Gd,Norm,1.0,Detchd,7.0,1276.0,0.0,2Story,,6.0
2008.0,Gd,Pave,1982.0,GasA,None,484.0,CBlock,0.0,50.0,TA,Norm,1.0,Detchd,5.0,883.0,399.0,1.5Fin,,7.0
2009.0,TA,Pave,1998.0,GasA,None,1362.0,CBlock,0.0,20.0,TA,Norm,2.0,Attchd,6.0,1362.0,0.0,1Story,,1.0
2009.0,Ex,Pave,1950.0,GasA,None,755.0,CBlock,0.0,75.0,TA,Norm,0.0,,6.0,755.0,0.0,2.5Fin,,7.0
2010.0,Ex,Pave,2004.0,GasA,None,300.0,PConc,0.0,60.0,Gd,Norm,2.0,BuiltIn,7.0,956.0,656.0,2Story,,1.0
2010.0,Gd,Pave,2005.0,GasA,None,132.0,Wood,0.0,50.0,Gd,Norm,2.0,Basment,8.0,559.0,427.0,1.5Fin,,6.0
2007.0,TA,Pave,1984.0,GasA,None,390.0,CBlock,0.0,70.0,TA,Norm,1.0,Attchd,7.0,800.0,410.0,2Story,,7.0
2006.0,Ex,Pave,2005.0,GasA,None,847.0,PConc,0.0,60.0,Gd,Norm,2.0,BuiltIn,7.0,847.0,0.0,2Story,,9.0
2006.0,Gd,Pave,1950.0,GasA,None,0.0,CBlock,0.0,50.0,TA,Norm,1.0,CarPort,4.0,637.0,637.0,1.5Fin,,9.0
2006.0,TA,Pave,1972.0,GasA,None,0.0,PConc,0.0,20.0,TA,Norm,2.0,Attchd,5.0,894.0,894.0,1Story,,7.0
2006.0,Ex,Pave,2005.0,GasA,BrkFace,533.0,PConc,66.0,20.0,Gd,Norm,3.0,Attchd,9.0,1980.0,1447.0,1Story,,9.0
2009.0,Fa,Pave,1950.0,GasA,None,224.0,CBlock,0.0,70.0,TA,Norm,1.0,Attchd,6.0,771.0,547.0,2Story,,11.0
2008.0,TA,Pave,1950.0,GasA,None,333.0,CBlock,0.0,50.0,TA,Norm,1.0,Attchd,5.0,913.0,580.0,1.5Fin,,4.0
2006.0,Ex,Pave,2006.0,GasA,None,1286.0,PConc,0.0,20.0,Gd,Norm,2.0,Attchd,7.0,1286.0,0.0,1Story,,7.0
2006.0,TA,Pave,1951.0,GasA,BrkFace,1380.0,CBlock,44.0,20.0,TA,Norm,2.0,Detchd,5.0,2136.0,756.0,1Story,,10.0
2006.0,Gd,Pave,1972.0,GasA,BrkFace,355.0,CBlock,281.0,160.0,TA,Norm,1.0,Detchd,6.0,672.0,317.0,2Story,,5.0
2008.0,Ex,Pave,1993.0,GasA,None,100.0,PConc,0.0,120.0,Gd,Norm,2.0,Attchd,8.0,1719.0,1619.0,1Story,,5.0
2009.0,Ex,Pave,2008.0,GasA,Stone,788.0,PConc,200.0,20.0,Ex,Norm,3.0,Attchd,10.0,3094.0,1767.0,1Story,,4.0
2007.0,TA,Pave,1950.0,GasW,None,0.0,BrkTil,0.0,50.0,TA,Norm,1.0,Detchd,6.0,714.0,168.0,1.5Fin,,8.0
2009.0,Gd,Pave,1950.0,GasA,None,140.0,CBlock,0.0,30.0,Fa,Norm,0.0,,4.0,420.0,280.0,1Story,,12.0
2007.0,TA,Pave,1996.0,GasA,None,530.0,BrkTil,0.0,75.0,TA,Norm,1.0,Detchd,5.0,530.0,0.0,2.5Unf,,3.0
2007.0,Ex,Pave,2007.0,GasA,BrkFace,1774.0,PConc,452.0,20.0,Ex,Norm,3.0,Attchd,9.0,1822.0,48.0,1Story,,7.0
2009.0,Gd,Pave,1962.0,GasA,None,894.0,CBlock,0.0,20.0,TA,Norm,1.0,Detchd,5.0,894.0,0.0,1Story,,8.0
2009.0,Ex,Pave,2006.0,GasA,None,163.0,BrkTil,0.0,30.0,TA,Norm,2.0,Detchd,5.0,876.0,713.0,1Story,,8.0
2008.0,Ex,Pave,2002.0,GasA,BrkFace,350.0,PConc,148.0,20.0,Gd,Norm,3.0,Attchd,8.0,1568.0,1218.0,1Story,,7.0
2006.0,Ex,Pave,2002.0,GasA,BrkFace,1541.0,PConc,150.0,20.0,Gd,Norm,3.0,Attchd,7.0,1541.0,0.0,1Story,,1.0
2009.0,Ex,Pave,2005.0,GasA,None,811.0,PConc,0.0,20.0,Gd,Norm,2.0,Attchd,7.0,1221.0,410.0,1Story,,10.0
2006.0,Ex,Pave,1965.0,GasA,BrkFace,445.0,CBlock,101.0,20.0,TA,Norm,2.0,Attchd,6.0,1088.0,643.0,1Story,,12.0
2010.0,Ex,Pave,1999.0,GasA,None,92.0,PConc,0.0,160.0,Gd,Norm,2.0,Detchd,7.0,696.0,604.0,2Story,,5.0
2009.0,TA,Pave,1973.0,GasA,None,0.0,CBlock,0.0,180.0,TA,Norm,1.0,BuiltIn,4.0,462.0,462.0,SLvl,,11.0
2007.0,Ex,Pave,1950.0,GasA,None,360.0,BrkTil,0.0,50.0,TA,Norm,2.0,Detchd,6.0,735.0,375.0,1.5Fin,,3.0
2008.0,Ex,Pave,2004.0,GasA,Stone,746.0,PConc,92.0,60.0,Gd,Norm,2.0,BuiltIn,7.0,746.0,0.0,2Story,,7.0
2007.0,Ex,Pave,2006.0,GasA,Stone,1342.0,PConc,256.0,120.0,Gd,Norm,2.0,Attchd,6.0,1362.0,20.0,1Story,,6.0
2010.0,TA,Pave,1966.0,GasA,BrkFace,756.0,CBlock,351.0,60.0,TA,Norm,2.0,Attchd,6.0,756.0,0.0,2Story,,6.0
2006.0,Ex,Pave,1954.0,GasA,None,1367.0,CBlock,0.0,20.0,TA,Norm,2.0,Attchd,6.0,1367.0,0.0,1Story,,6.0
2008.0,Ex,Pave,2005.0,GasA,None,172.0,CBlock,0.0,20.0,TA,Norm,2.0,Attchd,5.0,924.0,144.0,1Story,,5.0
2007.0,Ex,Pave,1978.0,GasA,None,289.0,PConc,0.0,80.0,TA,Norm,2.0,Attchd,5.0,1360.0,680.0,SLvl,,6.0
2007.0,Ex,Pave,2007.0,GasA,None,728.0,PConc,0.0,60.0,Gd,Norm,2.0,Attchd,7.0,728.0,0.0,2Story,,7.0
2009.0,Ex,Pave,1991.0,GasA,None,577.0,PConc,0.0,80.0,TA,Norm,2.0,Attchd,7.0,1188.0,611.0,SLvl,,6.0
2006.0,TA,Pave,1950.0,GasA,None,0.0,CBlock,0.0,20.0,TA,Norm,2.0,Detchd,5.0,0.0,0.0,1Story,,6.0
2009.0,Ex,Pave,2009.0,GasA,Stone,318.0,PConc,76.0,160.0,Gd,Norm,2.0,Detchd,6.0,612.0,294.0,2Story,,6.0
2008.0,Gd,Pave,1950.0,GasA,None,952.0,BrkTil,0.0,50.0,TA,Norm,2.0,Detchd,7.0,952.0,0.0,1.5Fin,,4.0
2008.0,Ex,Pave,1950.0,GasA,None,229.0,BrkTil,0.0,50.0,TA,Norm,1.0,Detchd,5.0,861.0,241.0,1.5Fin,,4.0
2006.0,Ex,Pave,1995.0,GasA,None,803.0,CBlock,0.0,50.0,TA,Norm,1.0,Detchd,5.0,803.0,0.0,1.5Fin,,7.0
2008.0,Ex,Pave,2004.0,GasA,BrkFace,151.0,PConc,147.0,120.0,Gd,Norm,2.0,Attchd,6.0,848.0,697.0,1Story,,5.0
2008.0,Ex,Pave,2003.0,GasA,Stone,611.0,PConc,226.0,60.0,Gd,Norm,3.0,Attchd,8.0,1482.0,871.0,2Story,,8.0
2006.0,TA,Pave,1951.0,GasA,None,0.0,CBlock,0.0,20.0,TA,Norm,2.0,Detchd,4.0,836.0,836.0,1Story,,4.0
2006.0,Ex,Pave,2004.0,GasA,BrkFace,1375.0,PConc,18.0,120.0,Gd,Norm,2.0,Attchd,7.0,1375.0,0.0,1Story,,5.0
2008.0,Fa,Pave,1950.0,OthW,None,416.0,BrkTil,0.0,75.0,TA,Norm,2.0,Detchd,6.0,735.0,319.0,2.5Unf,,4.0
2008.0,Gd,Pave,1998.0,GasA,None,901.0,BrkTil,0.0,50.0,TA,Norm,0.0,,6.0,901.0,0.0,1.5Fin,,9.0
2009.0,Ex,Pave,2000.0,GasA,None,343.0,PConc,0.0,120.0,Gd,Norm,2.0,Attchd,8.0,1501.0,1158.0,1Story,,10.0
2007.0,TA,Pave,1950.0,GasA,None,1012.0,BrkTil,0.0,30.0,TA,Norm,1.0,Detchd,6.0,1012.0,0.0,1Story,,5.0
2009.0,Ex,Pave,1970.0,GasA,None,301.0,BrkTil,0.0,75.0,TA,Norm,2.0,Basment,7.0,824.0,523.0,2.5Fin,,8.0
2010.0,Gd,Pave,1996.0,GasA,None,360.0,BrkTil,0.0,190.0,TA,Norm,2.0,Detchd,5.0,360.0,0.0,2Story,,5.0
2007.0,Ex,Pave,2001.0,GasA,None,319.0,PConc,0.0,60.0,Gd,Norm,2.0,Attchd,7.0,1057.0,738.0,2Story,,5.0
2006.0,Gd,Pave,1976.0,GasA,None,428.0,CBlock,0.0,80.0,TA,Norm,2.0,Detchd,5.0,911.0,483.0,SLvl,,7.0
2009.0,Ex,Pave,2006.0,GasA,BrkFace,578.0,PConc,584.0,20.0,Ex,Norm,3.0,Attchd,9.0,1838.0,1260.0,1Story,,3.0
2008.0,Ex,Pave,2006.0,GasA,BrkFace,568.0,CBlock,72.0,20.0,Gd,Norm,2.0,Detchd,6.0,1296.0,728.0,1Story,,11.0
2009.0,TA,Pave,1959.0,GasA,None,0.0,CBlock,0.0,20.0,TA,Norm,1.0,Attchd,5.0,1148.0,1148.0,1Story,,7.0
2007.0,TA,Pave,1971.0,GasA,None,251.0,CBlock,0.0,20.0,TA,Norm,1.0,Detchd,5.0,950.0,412.0,1Story,,7.0
2006.0,Ex,Pave,1994.0,GasA,BrkFace,397.0,PConc,125.0,60.0,Gd,Norm,2.0,Attchd,8.0,777.0,380.0,2Story,,9.0
2007.0,Ex,Pave,1950.0,GasA,None,765.0,BrkTil,0.0,50.0,TA,Norm,2.0,Detchd,6.0,1065.0,300.0,1.5Fin,,5.0
2007.0,Ex,Pave,2007.0,GasA,None,1316.0,PConc,0.0,20.0,Gd,Norm,2.0,Attchd,7.0,1316.0,0.0,1Story,,10.0
2009.0,TA,Pave,1970.0,GasA,BrkFace,1442.0,CBlock,571.0,20.0,TA,Norm,2.0,Attchd,6.0,1442.0,0.0,1Story,,2.0
2010.0,Ex,Pave,2008.0,GasA,None,344.0,CBlock,0.0,20.0,TA,Norm,2.0,Attchd,5.0,1078.0,734.0,1Story,,4.0
2007.0,TA,Pave,1961.0,GasA,None,108.0,CBlock,0.0,20.0,TA,Norm,2.0,Attchd,4.0,1040.0,932.0,1Story,Shed,5.0
2009.0,Ex,Pave,2002.0,GasA,None,55.0,PConc,0.0,80.0,Gd,Norm,2.0,BuiltIn,8.0,408.0,353.0,SLvl,,3.0
2009.0,Gd,Pave,1992.0,GasA,None,651.0,CBlock,0.0,60.0,TA,Norm,1.0,Detchd,7.0,651.0,0.0,2Story,,9.0
2010.0,TA,Pave,1954.0,GasA,Stone,412.0,CBlock,110.0,20.0,TA,Norm,1.0,Attchd,5.0,1056.0,354.0,1Story,,2.0
2006.0,Ex,Pave,2004.0,GasA,BrkFace,225.0,PConc,562.0,20.0,Gd,Norm,3.0,Attchd,9.0,1792.0,1567.0,1Story,,8.0
2006.0,Ex,Pave,1998.0,GasA,BrkFace,319.0,PConc,116.0,120.0,TA,Norm,2.0,Attchd,6.0,1216.0,897.0,1Story,,5.0
2006.0,Ex,Pave,1950.0,GasA,None,596.0,BrkTil,0.0,70.0,TA,Norm,2.0,Detchd,7.0,596.0,0.0,2Story,,10.0
2007.0,Ex,Pave,2005.0,GasA,None,847.0,PConc,0.0,60.0,Gd,Norm,2.0,BuiltIn,7.0,847.0,0.0,2Story,,7.0
2006.0,TA,Pave,1977.0,GasA,None,441.0,CBlock,0.0,20.0,Gd,Norm,2.0,Attchd,6.0,1208.0,767.0,1Story,,6.0
2007.0,TA,Pave,1958.0,GasW,BrkFace,414.0,CBlock,180.0,50.0,TA,Norm,1.0,Attchd,5.0,874.0,460.0,1.5Fin,,7.0
2010.0,Gd,Pave,2007.0,GasA,None,61.0,BrkTil,0.0,50.0,TA,Norm,1.0,Detchd,4.0,796.0,735.0,1.5Fin,,5.0
2008.0,Gd,Pave,1950.0,GasA,None,0.0,CBlock,0.0,20.0,TA,Norm,2.0,Detchd,5.0,0.0,0.0,1Story,,7.0
2009.0,Gd,Pave,1996.0,GasA,None,190.0,BrkTil,0.0,30.0,TA,Norm,1.0,Attchd,5.0,190.0,0.0,1Story,,12.0
2006.0,TA,Pave,1979.0,GasA,None,0.0,CBlock,0.0,90.0,TA,Norm,2.0,Detchd,5.0,943.0,943.0,SFoyer,,12.0
2008.0,Gd,Pave,2005.0,GasA,None,466.0,PConc,0.0,60.0,Gd,Norm,2.0,Attchd,7.0,866.0,400.0,2Story,,2.0
2010.0,Ex,Pave,1999.0,GasA,BrkFace,1393.0,PConc,165.0,60.0,Gd,Norm,3.0,BuiltIn,9.0,1393.0,0.0,2Story,,5.0
2007.0,Ex,Pave,1958.0,GasA,None,456.0,CBlock,1.0,20.0,TA,Norm,1.0,Attchd,5.0,912.0,456.0,1Story,,7.0
2008.0,Gd,Pave,1956.0,GasA,None,0.0,PConc,0.0,20.0,TA,Norm,1.0,Detchd,5.0,0.0,0.0,1Story,,12.0
2008.0,Ex,Pave,1999.0,GasA,None,1139.0,PConc,0.0,120.0,Gd,Norm,2.0,Attchd,6.0,1405.0,266.0,1Story,,8.0
2006.0,Ex,Pave,2006.0,GasA,,690.0,PConc,,20.0,Ex,Norm,3.0,Attchd,10.0,2076.0,1386.0,1Story,,9.0
2007.0,Ex,Pave,1995.0,GasA,BrkFace,1198.0,PConc,513.0,60.0,Gd,Norm,3.0,Attchd,8.0,1318.0,56.0,2Story,,11.0
2007.0,Ex,Pave,1950.0,GasA,BrkFace,162.0,BrkTil,252.0,50.0,TA,Norm,1.0,Detchd,5.0,731.0,569.0,1.5Fin,,6.0
2007.0,Ex,Pave,2007.0,GasA,Stone,0.0,PConc,481.0,120.0,Gd,Norm,2.0,Attchd,8.0,1573.0,1573.0,1Story,,12.0
2007.0,Gd,Pave,2006.0,GasA,BrkCmn,747.0,CBlock,472.0,50.0,Gd,Norm,2.0,Attchd,6.0,1444.0,697.0,1.5Fin,Shed,6.0
2008.0,Gd,Pave,2000.0,GasA,None,1237.0,BrkTil,0.0,75.0,Ex,PosA,2.0,Detchd,10.0,1237.0,0.0,2.5Unf,,7.0
2007.0,Ex,Pave,2003.0,GasA,BrkFace,585.0,CBlock,74.0,80.0,TA,Norm,2.0,BuiltIn,6.0,585.0,0.0,SLvl,,1.0
2006.0,Ex,Pave,2000.0,GasA,BrkFace,125.0,PConc,244.0,20.0,Gd,Norm,2.0,Attchd,7.0,1525.0,1400.0,1Story,,9.0
2007.0,Ex,Pave,2007.0,GasA,BrkFace,1571.0,PConc,80.0,20.0,Gd,Norm,3.0,Attchd,8.0,1571.0,0.0,1Story,,12.0
2008.0,Gd,Pave,1950.0,GasA,None,796.0,CBlock,0.0,30.0,TA,Norm,0.0,,5.0,796.0,0.0,1Story,,5.0
2009.0,TA,Pave,1965.0,GasA,None,994.0,Stone,0.0,70.0,TA,Norm,1.0,Attchd,5.0,994.0,0.0,2Story,,12.0
2007.0,Gd,Pave,1992.0,GasA,BrkFace,384.0,PConc,76.0,80.0,Gd,Norm,2.0,Attchd,7.0,384.0,0.0,SLvl,,5.0
2006.0,Ex,Pave,2001.0,GasA,None,0.0,CBlock,0.0,80.0,TA,Norm,1.0,Attchd,4.0,648.0,648.0,SLvl,,5.0
2006.0,Ex,Pave,2005.0,GasA,None,732.0,PConc,0.0,60.0,Gd,Norm,2.0,BuiltIn,5.0,732.0,0.0,2Story,,7.0
2006.0,Fa,Pave,1999.0,GasA,BrkFace,0.0,CBlock,99.0,20.0,TA,Norm,2.0,Attchd,6.0,1040.0,663.0,1Story,,1.0
2007.0,Ex,Pave,2006.0,GasA,BrkFace,2153.0,PConc,772.0,60.0,Ex,Norm,3.0,BuiltIn,9.0,2153.0,0.0,2Story,,3.0
2009.0,Ex,Pave,1950.0,GasA,None,676.0,CBlock,0.0,50.0,TA,Norm,1.0,Detchd,5.0,676.0,0.0,1.5Fin,,8.0
2009.0,Gd,Pave,1952.0,GasA,BrkFace,960.0,CBlock,360.0,90.0,TA,Norm,2.0,Detchd,5.0,960.0,0.0,2Story,,7.0
2008.0,TA,Pave,1963.0,GasA,None,247.0,CBlock,0.0,20.0,TA,Norm,1.0,Detchd,5.0,1144.0,25.0,1Story,,8.0
2010.0,Gd,Pave,1980.0,GasA,None,0.0,CBlock,0.0,90.0,TA,Norm,2.0,Detchd,6.0,1056.0,1056.0,SFoyer,Shed,6.0
2006.0,Fa,Pave,1950.0,Grav,None,693.0,CBlock,0.0,30.0,TA,Norm,0.0,,4.0,693.0,0.0,1Story,,3.0
2006.0,Ex,Pave,1997.0,GasA,None,279.0,PConc,0.0,20.0,TA,Norm,2.0,Attchd,6.0,1479.0,1200.0,1Story,,7.0
2008.0,Ex,Pave,2005.0,GasA,Stone,221.0,PConc,174.0,120.0,Gd,Norm,2.0,Attchd,8.0,1594.0,1373.0,1Story,,1.0
2008.0,TA,Pave,1972.0,GasA,None,474.0,CBlock,0.0,20.0,TA,Norm,1.0,Detchd,5.0,864.0,390.0,1Story,,5.0
2010.0,Ex,Pave,2008.0,GasA,Stone,488.0,PConc,36.0,20.0,Gd,Norm,2.0,Attchd,8.0,1566.0,1078.0,1Story,,4.0
2009.0,TA,Pave,1972.0,GasA,None,130.0,CBlock,0.0,60.0,TA,Norm,2.0,Attchd,6.0,723.0,593.0,2Story,,12.0
2009.0,TA,Pave,1950.0,GasA,None,628.0,CBlock,0.0,30.0,TA,Norm,2.0,Detchd,4.0,780.0,152.0,1.5Fin,,1.0
2007.0,Ex,Pave,2004.0,GasA,None,939.0,BrkTil,0.0,70.0,TA,Norm,1.0,Detchd,5.0,939.0,0.0,2Story,,5.0
2007.0,TA,Pave,1950.0,GasA,None,459.0,BrkTil,0.0,50.0,TA,Norm,1.0,Detchd,6.0,884.0,425.0,1.5Fin,,11.0
2007.0,Ex,Pave,1966.0,GasA,None,192.0,CBlock,0.0,20.0,TA,Norm,1.0,Attchd,5.0,955.0,763.0,1Story,,1.0
2006.0,Fa,Pave,1950.0,GasA,None,1007.0,BrkTil,0.0,30.0,TA,Norm,1.0,Detchd,3.0,1007.0,0.0,1Story,,5.0
2006.0,TA,Pave,1955.0,GasA,None,0.0,CBlock,0.0,190.0,TA,Norm,2.0,Attchd,5.0,1056.0,1056.0,1Story,,1.0
2006.0,Ex,Pave,2006.0,GasA,None,756.0,PConc,0.0,60.0,Gd,Norm,2.0,Attchd,7.0,756.0,0.0,2Story,,3.0
2006.0,Ex,Pave,2006.0,GasA,BrkFace,1594.0,PConc,240.0,20.0,Gd,Norm,3.0,Attchd,7.0,1614.0,20.0,1Story,,7.0
2009.0,Ex,Pave,2009.0,GasA,BrkFace,2042.0,PConc,306.0,20.0,Ex,Norm,3.0,Attchd,8.0,2042.0,0.0,1Story,,8.0
2006.0,Ex,Pave,1968.0,GasA,None,1073.0,BrkTil,0.0,30.0,TA,Norm,1.0,Detchd,5.0,1073.0,0.0,1Story,,12.0
2008.0,TA,Pave,2001.0,GasA,None,295.0,CBlock,0.0,50.0,TA,Norm,1.0,Detchd,5.0,672.0,336.0,1.5Fin,,1.0
2008.0,Ex,Pave,1970.0,GasA,None,340.0,CBlock,0.0,20.0,TA,Norm,2.0,Attchd,6.0,1205.0,865.0,1Story,,5.0
2007.0,Ex,Pave,2002.0,GasA,None,180.0,BrkTil,0.0,30.0,TA,Norm,0.0,,4.0,528.0,348.0,1Story,,7.0
2006.0,Ex,Pave,1959.0,GasA,None,465.0,CBlock,0.0,20.0,TA,Norm,1.0,Attchd,5.0,1150.0,179.0,1Story,,5.0
2008.0,Ex,Pave,2005.0,GasA,None,728.0,PConc,0.0,60.0,TA,Norm,2.0,Attchd,6.0,728.0,0.0,2Story,,7.0
2008.0,Gd,Pave,2007.0,GasA,Stone,77.0,CBlock,210.0,85.0,Ex,Norm,2.0,Attchd,7.0,944.0,867.0,SFoyer,,7.0
2006.0,Ex,Pave,2006.0,GasA,None,750.0,PConc,0.0,60.0,TA,Norm,2.0,Attchd,6.0,750.0,0.0,2Story,,8.0
2006.0,TA,Pave,1953.0,GasA,BrkFace,324.0,CBlock,56.0,190.0,TA,Norm,1.0,Attchd,5.0,1165.0,841.0,1Story,,6.0
2008.0,Ex,Pave,2004.0,GasA,None,80.0,PConc,0.0,60.0,TA,Norm,2.0,Attchd,6.0,839.0,759.0,2Story,,4.0
2009.0,Ex,Pave,2008.0,GasA,Stone,168.0,PConc,154.0,60.0,Ex,Norm,3.0,Attchd,9.0,1104.0,936.0,2Story,,7.0
2010.0,Ex,Pave,2003.0,GasA,None,1560.0,PConc,0.0,20.0,Gd,Norm,2.0,Attchd,7.0,1560.0,0.0,1Story,,4.0
2007.0,Ex,Pave,1995.0,GasA,Stone,342.0,CBlock,224.0,70.0,TA,Norm,1.0,Attchd,5.0,728.0,386.0,2Story,,6.0
2009.0,TA,Pave,2002.0,GasA,None,115.0,CBlock,0.0,180.0,TA,Norm,1.0,Attchd,4.0,630.0,515.0,SFoyer,,5.0
2007.0,TA,Pave,1976.0,GasA,BrkFace,392.0,CBlock,174.0,20.0,TA,Norm,1.0,Attchd,6.0,1143.0,751.0,1Story,,5.0
2007.0,Ex,Pave,2006.0,GasA,BrkFace,1063.0,PConc,350.0,60.0,Gd,Norm,3.0,Attchd,7.0,1063.0,0.0,2Story,,8.0
2007.0,Gd,Pave,2000.0,GasA,None,560.0,CBlock,0.0,50.0,TA,Norm,1.0,Detchd,4.0,560.0,0.0,2Story,,5.0
2007.0,Ex,Pave,2007.0,GasA,None,1120.0,PConc,0.0,60.0,Gd,Norm,2.0,BuiltIn,8.0,1184.0,64.0,2Story,,8.0
2008.0,Ex,Pave,2005.0,GasA,None,1026.0,PConc,0.0,60.0,Gd,Norm,3.0,Attchd,7.0,1026.0,0.0,2Story,,7.0
2009.0,Ex,Pave,2009.0,GasA,Stone,1468.0,PConc,72.0,20.0,Gd,Norm,3.0,Attchd,8.0,1468.0,0.0,1Story,,12.0
2009.0,TA,Pave,1977.0,GasA,None,0.0,CBlock,0.0,90.0,TA,Norm,2.0,Attchd,5.0,0.0,0.0,1.5Fin,,8.0
2008.0,Ex,Pave,1995.0,GasA,None,416.0,CBlock,0.0,50.0,TA,Norm,1.0,Detchd,5.0,768.0,352.0,1.5Fin,,5.0
2009.0,Ex,Pave,2007.0,GasA,Stone,280.0,PConc,100.0,60.0,Gd,Norm,2.0,Attchd,7.0,1092.0,812.0,2Story,,10.0
2006.0,TA,Pave,1950.0,GasA,None,795.0,PConc,0.0,75.0,Gd,Norm,1.0,Detchd,4.0,795.0,0.0,2.5Fin,,3.0
2008.0,Ex,Pave,1950.0,GasA,None,1064.0,BrkTil,0.0,50.0,TA,Norm,1.0,Detchd,6.0,1064.0,0.0,1.5Fin,,3.0
2006.0,TA,Pave,1958.0,GasA,None,169.0,CBlock,0.0,20.0,TA,Norm,2.0,Detchd,5.0,864.0,521.0,1Story,,7.0
2006.0,Ex,Pave,1998.0,GasA,None,995.0,CBlock,0.0,20.0,Gd,Norm,2.0,Attchd,7.0,1208.0,213.0,1Story,Shed,5.0
2009.0,Gd,Pave,2007.0,GasA,BrkFace,321.0,CBlock,510.0,160.0,TA,Norm,1.0,Detchd,6.0,483.0,162.0,2Story,,5.0
2006.0,Ex,Pave,1990.0,GasA,BrkFace,245.0,PConc,293.0,60.0,Gd,Norm,2.0,Attchd,7.0,1210.0,965.0,2Story,,4.0
2009.0,TA,Pave,1970.0,GasA,None,0.0,CBlock,312.0,160.0,TA,Norm,2.0,Attchd,5.0,765.0,765.0,2Story,,5.0
2008.0,Ex,Pave,2002.0,GasA,None,1128.0,PConc,0.0,60.0,Gd,Norm,2.0,Attchd,8.0,1128.0,0.0,2Story,,5.0
2006.0,Ex,Pave,2006.0,GasA,Stone,1249.0,PConc,370.0,60.0,TA,Norm,3.0,Attchd,9.0,1249.0,0.0,2Story,,9.0
2008.0,Ex,Pave,1957.0,GasA,None,619.0,CBlock,0.0,20.0,TA,Norm,1.0,Detchd,4.0,907.0,288.0,1Story,,7.0
2009.0,TA,Pave,1976.0,GasA,None,289.0,CBlock,0.0,160.0,TA,Norm,2.0,Attchd,6.0,855.0,566.0,2Story,,7.0
2006.0,TA,Pave,1962.0,GasA,BrkFace,303.0,CBlock,120.0,90.0,TA,Norm,2.0,Attchd,5.0,1106.0,803.0,SLvl,,5.0
2007.0,TA,Pave,1971.0,GasA,None,536.0,CBlock,0.0,20.0,TA,Norm,1.0,Detchd,4.0,858.0,322.0,1Story,,6.0
2007.0,Ex,Pave,1973.0,GasA,BrkFace,343.0,CBlock,1115.0,20.0,TA,Norm,2.0,Attchd,7.0,2223.0,1880.0,1Story,,2.0
2009.0,TA,Pave,1955.0,GasA,None,1005.0,CBlock,0.0,20.0,TA,Norm,2.0,Detchd,4.0,1005.0,0.0,1Story,,11.0
2008.0,Ex,Pave,1996.0,GasA,None,712.0,PConc,0.0,60.0,Gd,Norm,2.0,Attchd,7.0,712.0,0.0,2Story,Shed,10.0
2008.0,Ex,Pave,1965.0,GasA,None,134.0,CBlock,0.0,20.0,TA,Norm,1.0,Detchd,5.0,1040.0,906.0,1Story,,2.0
2010.0,TA,Pave,1960.0,GasA,BrkFace,571.0,CBlock,324.0,20.0,TA,Norm,2.0,Attchd,5.0,1268.0,697.0,1Story,,4.0
2007.0,Ex,Pave,2007.0,GasA,None,874.0,PConc,0.0,60.0,Gd,Norm,2.0,Attchd,7.0,874.0,0.0,2Story,,8.0
2010.0,TA,Pave,1976.0,GasA,BrkFace,473.0,CBlock,335.0,80.0,TA,Norm,3.0,Attchd,6.0,1012.0,539.0,SLvl,,5.0
2008.0,Ex,Pave,2005.0,GasA,None,96.0,CBlock,0.0,20.0,TA,Norm,2.0,Attchd,7.0,1385.0,226.0,1Story,,4.0
2009.0,Fa,Pave,1956.0,GasA,None,1436.0,CBlock,0.0,20.0,TA,Norm,2.0,Attchd,6.0,1436.0,0.0,1Story,,11.0
2008.0,Ex,Pave,1995.0,GasA,BrkFace,413.0,PConc,660.0,20.0,Gd,Norm,3.0,Attchd,8.0,2109.0,1696.0,1Story,,8.0
2009.0,Ex,Pave,2002.0,GasA,BrkFace,785.0,PConc,110.0,20.0,Gd,Norm,2.0,Attchd,7.0,1573.0,788.0,1Story,,3.0
2010.0,Ex,Pave,2010.0,GasA,Stone,142.0,PConc,760.0,20.0,Ex,Norm,3.0,Attchd,9.0,2330.0,2188.0,1Story,,3.0
2009.0,Ex,Pave,1998.0,GasA,BrkFace,318.0,PConc,573.0,60.0,TA,Norm,2.0,Attchd,7.0,1057.0,739.0,2Story,,2.0
2008.0,Ex,Pave,1997.0,GasA,None,288.0,PConc,0.0,120.0,TA,Norm,2.0,Attchd,6.0,1291.0,1003.0,1Story,,11.0
2010.0,Gd,Pave,2008.0,GasA,None,162.0,CBlock,0.0,20.0,TA,Norm,0.0,,5.0,858.0,696.0,1Story,,2.0
2009.0,TA,Pave,1950.0,GasA,None,356.0,BrkTil,0.0,50.0,TA,Norm,1.0,Detchd,6.0,560.0,204.0,1.5Fin,,10.0
2009.0,TA,Pave,1950.0,GasA,None,0.0,CBlock,0.0,30.0,TA,Norm,1.0,Detchd,2.0,290.0,290.0,1Story,,1.0
2006.0,TA,Pave,1978.0,GasA,BrkFace,463.0,CBlock,203.0,60.0,TA,Norm,2.0,Attchd,6.0,672.0,209.0,2Story,,3.0
2007.0,Ex,Pave,1950.0,GasA,None,920.0,PConc,0.0,30.0,TA,Norm,1.0,Basment,5.0,920.0,0.0,1Story,,6.0
2009.0,TA,Pave,1964.0,GasA,BrkFace,563.0,CBlock,115.0,80.0,TA,Norm,2.0,Attchd,6.0,1127.0,564.0,SLvl,,8.0
2008.0,Ex,Pave,2005.0,GasA,BrkFace,88.0,PConc,80.0,180.0,TA,Norm,2.0,Basment,6.0,547.0,459.0,SLvl,,6.0
2010.0,TA,Pave,1965.0,GasA,None,0.0,CBlock,0.0,90.0,TA,Norm,0.0,,5.0,0.0,0.0,1Story,,5.0
2009.0,Gd,Pave,1994.0,GasA,None,844.0,BrkTil,0.0,75.0,TA,Norm,2.0,Detchd,6.0,844.0,0.0,2.5Unf,,7.0
2007.0,TA,Pave,1998.0,GasA,None,537.0,PConc,0.0,70.0,TA,Norm,2.0,Basment,8.0,965.0,428.0,2Story,,9.0
2010.0,TA,Pave,1971.0,GasA,None,912.0,CBlock,0.0,90.0,TA,Norm,0.0,,6.0,912.0,0.0,2Story,,4.0
2007.0,Ex,Pave,1997.0,GasA,BrkFace,130.0,PConc,42.0,60.0,Gd,Norm,2.0,Attchd,6.0,872.0,742.0,2Story,,7.0
2008.0,Ex,Pave,2008.0,GasA,BrkFace,317.0,CBlock,300.0,20.0,TA,Norm,2.0,Detchd,5.0,912.0,595.0,1Story,,12.0
2008.0,Ex,Pave,1989.0,GasA,BrkFace,678.0,CBlock,219.0,80.0,Gd,Norm,2.0,Attchd,6.0,1461.0,783.0,SLvl,,8.0
2009.0,Ex,Pave,1990.0,GasA,None,712.0,BrkTil,0.0,50.0,TA,Norm,1.0,Detchd,6.0,976.0,264.0,1.5Fin,,10.0
2006.0,Ex,Pave,2006.0,GasA,None,1288.0,PConc,0.0,20.0,Gd,Norm,2.0,Attchd,6.0,1316.0,28.0,1Story,,10.0
2006.0,TA,Pave,1950.0,GasA,None,279.0,BrkTil,0.0,30.0,TA,Norm,1.0,Detchd,5.0,768.0,489.0,1Story,Shed,7.0
2007.0,Fa,Pave,1950.0,GasA,None,444.0,BrkTil,0.0,50.0,TA,Norm,1.0,Detchd,5.0,756.0,312.0,1.5Fin,,4.0
2007.0,Ex,Pave,2006.0,GasA,Stone,1560.0,PConc,208.0,20.0,Gd,Norm,3.0,Attchd,8.0,1623.0,63.0,1Story,,6.0
2007.0,Ex,Pave,2003.0,GasA,None,660.0,PConc,0.0,60.0,Gd,Norm,2.0,Attchd,7.0,660.0,0.0,2Story,,8.0
2009.0,TA,Pave,1967.0,GasA,None,0.0,PConc,0.0,60.0,TA,Norm,2.0,Attchd,5.0,1013.0,249.0,2Story,,6.0
2008.0,Gd,Pave,1963.0,GasA,BrkFace,344.0,CBlock,148.0,20.0,TA,Norm,2.0,Attchd,5.0,1120.0,776.0,1Story,,12.0
2009.0,TA,Pave,2000.0,GasA,None,132.0,CBlock,0.0,20.0,TA,Norm,1.0,Detchd,5.0,992.0,860.0,1Story,,5.0
2009.0,TA,Pave,2008.0,GasA,None,546.0,CBlock,0.0,160.0,TA,Norm,0.0,,4.0,546.0,0.0,2Story,,5.0
2007.0,Ex,Pave,1998.0,GasA,None,718.0,BrkTil,0.0,70.0,TA,Norm,2.0,Detchd,7.0,718.0,0.0,2Story,,7.0
2007.0,TA,Pave,2003.0,GasA,None,625.0,CBlock,0.0,45.0,TA,Norm,2.0,Detchd,5.0,845.0,220.0,1.5Unf,,5.0
2008.0,Ex,Pave,2007.0,GasA,Stone,894.0,PConc,74.0,60.0,Gd,Norm,3.0,BuiltIn,6.0,894.0,0.0,2Story,,1.0
2007.0,TA,Pave,1973.0,GasA,BrkFace,316.0,CBlock,285.0,160.0,TA,Norm,1.0,Detchd,6.0,672.0,356.0,2Story,,5.0
2007.0,TA,Pave,1977.0,GasA,None,808.0,CBlock,0.0,60.0,TA,Norm,2.0,Attchd,7.0,808.0,0.0,2Story,,11.0
2007.0,Ex,Pave,1996.0,GasA,BrkFace,141.0,PConc,438.0,60.0,Gd,Norm,2.0,Attchd,8.0,1220.0,1079.0,2Story,,12.0
2007.0,Gd,Pave,1971.0,GasA,None,486.0,CBlock,0.0,20.0,TA,Norm,2.0,Attchd,5.0,1484.0,998.0,1Story,,2.0
2008.0,TA,Pave,1973.0,GasA,BrkFace,1656.0,CBlock,564.0,90.0,TA,Norm,2.0,Detchd,5.0,1656.0,0.0,1Story,,11.0
2009.0,TA,Pave,2004.0,GasA,None,350.0,CBlock,0.0,50.0,TA,Norm,1.0,Detchd,6.0,818.0,468.0,1.5Fin,,12.0
2009.0,Ex,Pave,2000.0,GasA,BrkFace,297.0,PConc,40.0,60.0,Gd,Norm,2.0,BuiltIn,6.0,992.0,695.0,2Story,,7.0
2007.0,Ex,Pave,2001.0,GasA,None,832.0,BrkTil,0.0,45.0,TA,Norm,2.0,Detchd,7.0,832.0,0.0,1.5Unf,,7.0
2010.0,TA,Pave,1973.0,GasA,None,212.0,CBlock,0.0,160.0,TA,Norm,1.0,Attchd,4.0,546.0,334.0,2Story,,5.0
2009.0,TA,Pave,1989.0,GasA,None,1072.0,CBlock,0.0,20.0,TA,Norm,1.0,Detchd,5.0,1268.0,196.0,1Story,,10.0
2009.0,Ex,Pave,1996.0,GasA,None,70.0,PConc,0.0,60.0,Gd,Norm,2.0,Attchd,7.0,799.0,385.0,2Story,,4.0
2010.0,Ex,Pave,2003.0,GasA,BrkFace,315.0,PConc,171.0,20.0,Gd,Norm,2.0,Attchd,8.0,1657.0,370.0,1Story,,5.0
2008.0,Ex,Pave,1998.0,GasA,BrkFace,484.0,PConc,215.0,20.0,TA,Norm,2.0,Attchd,6.0,1478.0,994.0,1Story,,4.0
2007.0,Ex,Pave,1950.0,GasA,None,932.0,CBlock,0.0,20.0,TA,Norm,1.0,Attchd,6.0,932.0,0.0,1Story,,11.0
2007.0,TA,Pave,1970.0,GasA,None,499.0,CBlock,0.0,20.0,TA,Norm,2.0,Attchd,7.0,1277.0,778.0,1Story,,4.0
2007.0,Ex,Pave,2004.0,GasA,None,230.0,PConc,0.0,20.0,Gd,Norm,3.0,Attchd,7.0,1530.0,1300.0,1Story,,11.0
2007.0,TA,Pave,1983.0,GasA,None,193.0,CBlock,0.0,20.0,TA,Norm,1.0,Detchd,5.0,1024.0,457.0,1Story,,6.0
2009.0,TA,Pave,1982.0,GasA,None,168.0,CBlock,0.0,85.0,TA,Norm,2.0,Detchd,5.0,840.0,672.0,SFoyer,,7.0
2009.0,Ex,Pave,2008.0,GasA,Stone,410.0,PConc,166.0,120.0,Gd,Norm,2.0,Attchd,7.0,1314.0,904.0,1Story,,7.0
2006.0,Ex,Pave,2006.0,GasA,None,927.0,PConc,0.0,60.0,Gd,Norm,3.0,Attchd,7.0,1391.0,464.0,2Story,,8.0
2008.0,Ex,Pave,2005.0,GasA,None,64.0,PConc,0.0,60.0,Gd,Norm,2.0,Attchd,7.0,788.0,724.0,2Story,,2.0
2010.0,Ex,Pave,2004.0,GasA,BrkFace,186.0,PConc,169.0,120.0,Gd,Norm,2.0,Attchd,6.0,848.0,662.0,1Story,,5.0
2008.0,Ex,Pave,1997.0,GasA,None,672.0,PConc,0.0,30.0,TA,Norm,1.0,Detchd,5.0,672.0,0.0,1Story,,8.0
2010.0,Ex,Pave,2006.0,GasA,None,877.0,Stone,0.0,70.0,Ex,Norm,1.0,Attchd,7.0,1152.0,275.0,2Story,Shed,5.0
2009.0,Ex,Pave,1987.0,GasA,None,660.0,CBlock,0.0,50.0,TA,Norm,1.0,Detchd,5.0,660.0,0.0,1.5Fin,,8.0
2007.0,Gd,Pave,2004.0,GasA,BrkFace,99.0,CBlock,138.0,60.0,TA,Norm,2.0,Attchd,7.0,725.0,626.0,2Story,,6.0
2010.0,Ex,Pave,2009.0,GasA,None,1226.0,PConc,0.0,20.0,TA,Norm,3.0,Attchd,7.0,1226.0,0.0,1Story,,5.0
2007.0,Gd,Pave,2007.0,GasA,BrkFace,264.0,CBlock,157.0,60.0,TA,Norm,2.0,Attchd,6.0,832.0,568.0,2Story,,7.0
2006.0,Ex,Pave,2004.0,GasA,None,217.0,PConc,0.0,20.0,TA,Norm,2.0,Detchd,6.0,1158.0,941.0,1Story,,5.0
2009.0,Ex,Pave,1966.0,GasA,BrkFace,184.0,CBlock,200.0,20.0,TA,Norm,2.0,Attchd,5.0,1154.0,740.0,1Story,,11.0
2008.0,Ex,Pave,1999.0,GasA,None,880.0,PConc,0.0,60.0,TA,Norm,2.0,Attchd,7.0,880.0,0.0,2Story,,7.0
2008.0,Gd,Pave,1996.0,GasA,None,554.0,PConc,0.0,60.0,TA,Norm,2.0,Attchd,6.0,773.0,219.0,2Story,,6.0
2009.0,Ex,Pave,2003.0,GasA,None,0.0,CBlock,0.0,20.0,TA,Norm,2.0,Detchd,4.0,0.0,0.0,1Story,,5.0
2008.0,TA,Pave,1955.0,GasA,None,816.0,PConc,0.0,50.0,TA,Norm,1.0,Attchd,5.0,816.0,0.0,1.5Fin,,4.0
2008.0,Ex,Pave,1997.0,GasA,BrkFace,536.0,CBlock,632.0,50.0,TA,Norm,3.0,BuiltIn,8.0,728.0,192.0,1.5Fin,,5.0
2006.0,TA,Pave,1973.0,GasA,BrkFace,174.0,CBlock,408.0,160.0,TA,Norm,1.0,Detchd,6.0,483.0,309.0,2Story,,6.0
2008.0,Gd,Pave,1999.0,GasA,None,112.0,BrkTil,0.0,190.0,TA,Norm,0.0,,5.0,644.0,351.0,1.5Fin,,9.0
2008.0,Ex,Pave,2007.0,GasA,None,160.0,CBlock,0.0,20.0,TA,Norm,2.0,Attchd,7.0,585.0,425.0,1Story,,11.0
2008.0,Gd,Pave,1999.0,GasA,BrkFace,195.0,PConc,360.0,160.0,TA,Norm,2.0,Detchd,7.0,744.0,549.0,2Story,,8.0
2007.0,Ex,Pave,2007.0,GasA,BrkFace,626.0,PConc,304.0,20.0,Gd,Norm,3.0,Attchd,8.0,1976.0,1350.0,1Story,,7.0
2008.0,Ex,Pave,2007.0,GasA,Stone,1530.0,PConc,468.0,20.0,TA,Norm,3.0,Attchd,8.0,1563.0,33.0,1Story,,10.0
2008.0,TA,Pave,1950.0,GasA,None,572.0,PConc,0.0,50.0,TA,Norm,1.0,Detchd,7.0,572.0,0.0,1.5Fin,,8.0
2008.0,TA,Pave,2000.0,GasA,None,776.0,BrkTil,0.0,70.0,TA,Norm,1.0,Attchd,7.0,776.0,0.0,2Story,,2.0
2009.0,Ex,Pave,1955.0,GasA,None,0.0,Slab,0.0,20.0,TA,Norm,2.0,Attchd,3.0,0.0,0.0,1Story,,6.0
2006.0,Ex,Pave,2006.0,GasA,BrkFace,438.0,PConc,870.0,60.0,Ex,Norm,3.0,Attchd,9.0,1848.0,1410.0,2Story,,4.0
2009.0,TA,Pave,1972.0,GasA,BrkFace,399.0,CBlock,268.0,160.0,TA,Norm,1.0,Detchd,5.0,630.0,231.0,2Story,,2.0
2010.0,TA,Pave,1979.0,GasA,None,74.0,PConc,0.0,40.0,Gd,Norm,2.0,Attchd,7.0,1332.0,1258.0,1Story,,4.0
2008.0,TA,Pave,1959.0,GasA,None,0.0,CBlock,0.0,50.0,TA,Norm,2.0,Detchd,4.0,0.0,0.0,1.5Fin,,7.0
2007.0,Gd,Pave,2007.0,GasA,None,1125.0,PConc,0.0,20.0,TA,Norm,2.0,Attchd,5.0,1125.0,0.0,1Story,,4.0
2006.0,Ex,Pave,2005.0,GasA,None,600.0,PConc,0.0,160.0,TA,Norm,2.0,Detchd,7.0,600.0,0.0,2Story,,6.0
2008.0,Ex,Pave,2004.0,GasA,None,798.0,PConc,0.0,60.0,Gd,Norm,2.0,Attchd,6.0,798.0,0.0,2Story,,12.0
2008.0,Ex,Pave,1994.0,GasA,BrkFace,223.0,PConc,448.0,60.0,Gd,Norm,2.0,Attchd,7.0,1223.0,1000.0,2Story,,8.0
2009.0,Ex,Pave,2002.0,GasA,None,292.0,CBlock,0.0,20.0,TA,Norm,1.0,Detchd,6.0,972.0,680.0,1Story,,5.0
2009.0,Ex,Pave,1995.0,GasA,None,544.0,PConc,0.0,60.0,Gd,Norm,2.0,Attchd,8.0,1128.0,584.0,2Story,,6.0
2010.0,TA,Pave,1956.0,GasA,None,405.0,CBlock,0.0,20.0,TA,Norm,1.0,Attchd,5.0,1144.0,739.0,1Story,,6.0
2006.0,Ex,Pave,1958.0,GasA,BrkFace,468.0,CBlock,120.0,80.0,TA,Norm,1.0,BuiltIn,5.0,1062.0,300.0,SLvl,,7.0
2010.0,TA,Pave,2001.0,GasA,None,0.0,BrkTil,0.0,50.0,TA,Norm,2.0,Detchd,5.0,926.0,234.0,1.5Fin,,4.0
2006.0,Ex,Pave,1998.0,GasA,BrkFace,130.0,PConc,530.0,60.0,Gd,Norm,2.0,Attchd,8.0,1086.0,956.0,2Story,,6.0
2008.0,TA,Pave,1950.0,GasW,None,124.0,CBlock,0.0,190.0,TA,Norm,1.0,Detchd,5.0,1164.0,1040.0,1Story,,8.0
2008.0,TA,Pave,1951.0,GasA,None,100.0,CBlock,0.0,20.0,TA,Norm,2.0,Detchd,5.0,952.0,852.0,1Story,,6.0
2008.0,Fa,Pave,1987.0,OthW,None,425.0,BrkTil,0.0,70.0,TA,Norm,0.0,,8.0,684.0,259.0,2Story,,12.0
2009.0,Ex,Pave,2007.0,GasA,BrkFace,72.0,CBlock,260.0,20.0,Gd,Norm,2.0,Attchd,6.0,880.0,808.0,1Story,,12.0
2008.0,Ex,Pave,2000.0,GasA,None,482.0,BrkTil,0.0,190.0,TA,Norm,2.0,Detchd,6.0,482.0,0.0,1.5Fin,,4.0
2010.0,Ex,Pave,1970.0,GasA,BrkFace,426.0,CBlock,180.0,20.0,TA,Norm,2.0,Attchd,6.0,1004.0,578.0,1Story,Shed,3.0
2006.0,TA,Pave,1950.0,GasA,None,363.0,CBlock,0.0,50.0,TA,Norm,1.0,Detchd,4.0,747.0,384.0,1.5Fin,,8.0
2007.0,TA,Pave,1950.0,GasA,None,270.0,BrkTil,0.0,30.0,TA,Norm,2.0,Detchd,5.0,915.0,645.0,1Story,,5.0
2009.0,TA,Pave,1950.0,GasA,None,740.0,PConc,0.0,30.0,TA,Norm,2.0,Detchd,5.0,1145.0,405.0,1Story,,10.0
2006.0,Gd,Pave,1986.0,GasA,None,371.0,PConc,0.0,120.0,TA,Norm,2.0,Attchd,7.0,1453.0,1082.0,1Story,,12.0
2010.0,Ex,Pave,2002.0,GasA,BrkFace,223.0,PConc,479.0,20.0,Gd,Norm,2.0,Attchd,8.0,1581.0,1358.0,1Story,Shed,5.0
2007.0,Ex,Pave,2006.0,GasA,Stone,1588.0,PConc,410.0,20.0,Gd,Norm,3.0,Attchd,8.0,1588.0,0.0,1Story,,12.0
2006.0,TA,Pave,1958.0,GasA,BrkFace,75.0,CBlock,105.0,190.0,TA,Norm,1.0,Attchd,6.0,588.0,513.0,SLvl,,3.0
2006.0,TA,Pave,1961.0,GasA,None,135.0,CBlock,0.0,20.0,TA,Norm,1.0,Attchd,5.0,1050.0,915.0,1Story,,1.0
2007.0,TA,Pave,1965.0,GasA,BrkFace,440.0,CBlock,48.0,20.0,TA,Norm,1.0,Attchd,4.0,960.0,520.0,1Story,,5.0
2006.0,Fa,Pave,1950.0,GasA,None,810.0,CBlock,0.0,50.0,TA,Norm,1.0,Detchd,5.0,810.0,0.0,1.5Fin,,8.0
2009.0,Gd,Pave,1968.0,GasA,None,1489.0,CBlock,0.0,20.0,TA,Norm,2.0,Attchd,6.0,1489.0,0.0,1Story,,8.0
2007.0,Ex,Pave,2007.0,GasA,Stone,600.0,PConc,205.0,20.0,Ex,Norm,3.0,Attchd,7.0,1726.0,1126.0,1Story,,9.0
2008.0,Ex,Pave,2003.0,GasA,None,1362.0,PConc,0.0,50.0,TA,Norm,2.0,Detchd,7.0,1362.0,0.0,1.5Fin,,6.0
2006.0,TA,Pave,1990.0,GasA,BrkFace,256.0,CBlock,54.0,20.0,TA,Norm,2.0,Attchd,7.0,1309.0,1053.0,1Story,,7.0
2009.0,Ex,Pave,1998.0,GasA,BrkFace,503.0,PConc,731.0,60.0,Gd,Norm,3.0,Attchd,8.0,1284.0,781.0,2Story,,5.0
2006.0,Ex,Pave,2006.0,GasA,None,879.0,PConc,0.0,60.0,Gd,Norm,3.0,BuiltIn,7.0,879.0,0.0,2Story,,11.0
2009.0,TA,Pave,2007.0,GasA,None,112.0,CBlock,0.0,85.0,TA,Norm,2.0,Detchd,5.0,768.0,656.0,SFoyer,,3.0
2007.0,Fa,Pave,1950.0,GasA,None,0.0,Slab,0.0,20.0,Fa,Norm,0.0,,1.0,0.0,0.0,1Story,,1.0
2008.0,TA,Pave,1965.0,GasA,None,244.0,CBlock,0.0,20.0,TA,Norm,1.0,Attchd,6.0,1136.0,892.0,1Story,,7.0
2006.0,Ex,Pave,1998.0,GasA,BrkFace,36.0,PConc,443.0,120.0,TA,Norm,2.0,Attchd,6.0,1237.0,1201.0,1Story,,3.0
2006.0,TA,Pave,1964.0,GasA,None,0.0,CBlock,0.0,20.0,TA,Norm,1.0,Attchd,5.0,912.0,312.0,1Story,,11.0
2007.0,TA,Pave,1962.0,GasA,BrkFace,324.0,CBlock,288.0,60.0,TA,Norm,1.0,Attchd,5.0,864.0,540.0,2Story,,7.0
2008.0,Ex,Pave,1997.0,GasA,None,342.0,PConc,0.0,75.0,TA,Norm,1.0,Detchd,5.0,720.0,378.0,2.5Fin,,7.0
2006.0,TA,Pave,1996.0,GasA,None,658.0,PConc,0.0,50.0,TA,Norm,0.0,,5.0,658.0,0.0,1.5Fin,,5.0
2007.0,TA,Pave,1950.0,GasA,None,925.0,CBlock,0.0,190.0,Fa,Norm,1.0,Detchd,7.0,925.0,0.0,2.5Unf,,1.0
2007.0,Gd,Pave,2002.0,GasA,None,658.0,CBlock,0.0,20.0,TA,Norm,2.0,Detchd,5.0,1063.0,405.0,1Story,,7.0
2008.0,TA,Pave,1981.0,GasA,BrkFace,606.0,CBlock,210.0,20.0,TA,Norm,2.0,Attchd,6.0,1422.0,588.0,1Story,,6.0
2007.0,TA,Pave,1967.0,GasA,None,1632.0,CBlock,0.0,90.0,TA,Norm,2.0,Attchd,5.0,1632.0,0.0,1Story,,6.0
2009.0,Ex,Pave,2001.0,GasA,BrkFace,1630.0,PConc,171.0,20.0,Gd,Norm,2.0,Attchd,7.0,1630.0,0.0,1Story,,10.0
2009.0,TA,Pave,1982.0,GasA,None,1013.0,CBlock,0.0,50.0,Fa,Feedr,0.0,,3.0,1013.0,0.0,1.5Fin,,10.0
2009.0,Fa,Pave,1950.0,Wall,None,0.0,Slab,0.0,90.0,TA,Norm,2.0,Detchd,4.0,0.0,0.0,1Story,,6.0
2010.0,TA,Pave,1950.0,GasA,None,806.0,PConc,0.0,70.0,TA,Norm,1.0,Detchd,6.0,806.0,0.0,2Story,,5.0
2009.0,TA,Pave,1950.0,GasA,None,500.0,BrkTil,0.0,50.0,TA,Norm,2.0,Detchd,4.0,1122.0,622.0,1.5Fin,,12.0
2009.0,TA,Pave,1953.0,GasA,Stone,131.0,CBlock,238.0,20.0,TA,Norm,2.0,Attchd,6.0,1416.0,1285.0,1Story,,10.0
2007.0,Ex,Pave,2007.0,GasA,Stone,1482.0,PConc,270.0,60.0,Gd,Norm,3.0,BuiltIn,8.0,1482.0,0.0,2Story,,11.0
2007.0,Ex,Pave,1950.0,GasA,None,764.0,PConc,0.0,70.0,TA,Norm,2.0,Detchd,6.0,764.0,0.0,2Story,,7.0
2008.0,TA,Pave,1964.0,GasA,BrkFace,288.0,CBlock,259.0,80.0,TA,Norm,2.0,Attchd,6.0,1248.0,624.0,SLvl,,6.0
2009.0,TA,Pave,1976.0,GasA,None,0.0,CBlock,0.0,120.0,TA,Norm,2.0,Attchd,6.0,958.0,958.0,1Story,,10.0
2008.0,Gd,Pave,2000.0,GasA,None,833.0,BrkTil,0.0,50.0,TA,Norm,2.0,Detchd,6.0,833.0,0.0,1.5Fin,,6.0
2009.0,Ex,Pave,1993.0,GasA,None,165.0,CBlock,0.0,20.0,TA,Norm,2.0,Attchd,4.0,1281.0,1116.0,1Story,,6.0
2009.0,Gd,Pave,1992.0,GasA,BrkFace,598.0,PConc,106.0,20.0,TA,Norm,2.0,Attchd,6.0,1158.0,560.0,1Story,,7.0
2010.0,TA,Pave,1950.0,GasA,None,641.0,CBlock,0.0,50.0,TA,Norm,1.0,Detchd,6.0,735.0,94.0,1.5Fin,,4.0
2009.0,TA,Pave,1967.0,GasA,BrkFace,460.0,CBlock,60.0,20.0,TA,Norm,1.0,Attchd,5.0,892.0,432.0,1Story,,7.0
2010.0,TA,Pave,1992.0,GasA,Stone,278.0,CBlock,294.0,30.0,TA,Norm,1.0,Attchd,5.0,788.0,510.0,1Story,,2.0
2006.0,Ex,Pave,2006.0,GasA,None,1140.0,PConc,0.0,20.0,TA,Norm,0.0,,5.0,1140.0,0.0,1Story,,7.0
2008.0,TA,Pave,1963.0,GasA,BrkFace,380.0,CBlock,415.0,60.0,TA,Norm,2.0,Attchd,6.0,780.0,400.0,2Story,,10.0
2007.0,TA,Pave,1976.0,GasA,BrkFace,692.0,CBlock,298.0,60.0,TA,Norm,2.0,Attchd,6.0,848.0,156.0,2Story,,6.0
2009.0,Ex,Pave,2008.0,GasA,Stone,252.0,PConc,160.0,60.0,Ex,Norm,3.0,Attchd,10.0,1017.0,765.0,2Story,,4.0
2007.0,Ex,Pave,1950.0,GasA,None,691.0,BrkTil,0.0,30.0,TA,Norm,1.0,Detchd,5.0,691.0,0.0,1Story,,1.0
2009.0,Ex,Pave,2008.0,GasA,None,768.0,PConc,0.0,60.0,Gd,Norm,2.0,Attchd,8.0,768.0,0.0,2Story,,6.0
2006.0,Gd,Pave,1972.0,GasA,None,550.0,CBlock,0.0,50.0,TA,Norm,1.0,Attchd,6.0,994.0,444.0,1.5Fin,,10.0
2010.0,Gd,Pave,1999.0,GasA,None,994.0,PConc,0.0,60.0,TA,Norm,2.0,Attchd,7.0,994.0,0.0,2Story,,6.0
2008.0,Ex,Pave,2003.0,GasA,BrkFace,334.0,PConc,252.0,60.0,Gd,Norm,2.0,Attchd,7.0,884.0,550.0,2Story,,7.0
2006.0,Ex,Pave,1996.0,GasA,BrkFace,543.0,PConc,1378.0,60.0,Gd,Norm,3.0,Attchd,10.0,1930.0,1387.0,2Story,,7.0
2006.0,TA,Pave,1985.0,GasA,BrkFace,40.0,CBlock,85.0,20.0,Gd,Norm,2.0,Attchd,6.0,1298.0,1258.0,1Story,,5.0
2010.0,TA,Pave,1997.0,GasA,None,254.0,CBlock,0.0,20.0,TA,Norm,2.0,Attchd,7.0,1501.0,1247.0,1Story,,3.0
2006.0,Ex,Pave,1970.0,GasA,None,77.0,CBlock,0.0,180.0,TA,Norm,0.0,,5.0,630.0,553.0,SFoyer,,8.0
2006.0,Gd,Pave,1980.0,GasA,None,706.0,BrkTil,0.0,30.0,TA,Norm,2.0,Detchd,6.0,1103.0,397.0,1Story,,7.0
2010.0,Gd,Pave,1950.0,GasA,None,859.0,Stone,0.0,50.0,TA,Norm,1.0,Detchd,4.0,859.0,0.0,1.5Fin,,1.0
2007.0,Ex,Pave,1990.0,GasA,None,999.0,CBlock,0.0,30.0,TA,Norm,2.0,Detchd,4.0,1196.0,197.0,1Story,,7.0
2008.0,Ex,Pave,2008.0,GasA,None,1372.0,PConc,0.0,20.0,Gd,Norm,2.0,Attchd,7.0,1372.0,0.0,1Story,,5.0
2008.0,Gd,Pave,1962.0,GasA,BrkFace,728.0,CBlock,305.0,80.0,TA,Norm,1.0,Basment,6.0,1099.0,371.0,SLvl,,12.0
2007.0,Ex,Pave,2004.0,GasA,BrkFace,1422.0,PConc,106.0,20.0,Gd,Norm,2.0,Attchd,7.0,1422.0,0.0,1Story,,11.0
2007.0,Ex,Pave,1992.0,GasA,None,595.0,PConc,0.0,60.0,Gd,Norm,2.0,Attchd,6.0,1580.0,985.0,2Story,,6.0
2010.0,Ex,Pave,2004.0,GasA,None,1121.0,PConc,0.0,20.0,TA,Norm,2.0,Attchd,4.0,1121.0,0.0,1Story,,3.0
2007.0,Ex,Pave,2005.0,GasA,BrkFace,1143.0,PConc,344.0,60.0,Gd,Norm,3.0,BuiltIn,8.0,1143.0,0.0,2Story,,10.0
2007.0,TA,Pave,1962.0,GasA,None,640.0,CBlock,0.0,20.0,TA,Norm,2.0,Detchd,5.0,1057.0,417.0,1Story,,4.0
2009.0,Ex,Pave,1978.0,GasA,BrkFace,0.0,PConc,104.0,85.0,TA,Norm,2.0,Attchd,5.0,1097.0,1097.0,SFoyer,,7.0
2010.0,Ex,Pave,2007.0,GasA,BrkFace,628.0,PConc,348.0,60.0,Gd,Norm,3.0,Attchd,8.0,1152.0,524.0,2Story,,4.0
